season,games,wins,average_point_difference,win_percentage,start_year
1996-97,1189,634,0.8250630782169891,53.32211942809083,1996
1997-98,1187,661,1.6731255265374894,55.6866048862679,1997
1998-99,725,403,1.2441379310344827,55.58620689655173,1998
1999-00,1188,661,1.484006734006734,55.639730639730644,1999
2000-01,1175,609,0.571063829787234,51.829787234042556,2000
2001-02,1189,641,1.381833473507149,53.910849453322115,2001
2002-03,1189,626,1.04121110176619,52.64928511354079,2002
2003-04,1184,627,1.0168918918918919,52.95608108108109,2003
2004-05,1229,665,1.3270951993490643,54.10903173311635,2004
2005-06,1227,673,1.061124694376528,54.84922575387123,2005
2006-07,1229,641,0.7558991049633849,52.156224572823426,2006
2007-08,1229,637,0.8405207485760781,51.830756712774615,2007
2008-09,1227,650,0.9714751426242869,52.97473512632437,2008
2009-10,1227,651,0.9951100244498777,53.0562347188264,2009
2010-11,1227,674,1.3659331703341484,54.930725346373265,2010
2011-12,987,525,1.2127659574468086,53.191489361702125,2011
2012-13,1216,616,0.6241776315789473,50.6578947368421,2012
2013-14,1223,657,1.1815208503679477,53.72035977105478,2013
2014-15,1221,651,0.9180999180999181,53.31695331695332,2014
2015-16,1225,652,0.9510204081632653,53.22448979591837,2015
2016-17,1220,649,1.2434426229508198,53.196721311475414,2016
2017-18,1226,649,1.070962479608483,52.93637846655791,2017
2018-19,1225,642,1.16,52.408163265306115,2018
2019-20,1054,566,1.1992409867172675,53.70018975332068,2019
2020-21,1076,577,1.2862453531598512,53.624535315985135,2020
2021-22,1229,649,0.8657445077298617,52.807160292921075,2021
2022-23,1228,605,-0.21905537459283386,49.267100977198695,2022
2023-24,1218,654,0.8793103448275862,53.69458128078818,2023
2024-25,1217,627,0.9170090386195563,51.52013147082991,2024
2025-26,1222,656,1.392798690671031,53.682487725040914,2025
