team,games,wins,average_first_bonus_periods,average_bonus_fta,average_bonus_fta_difference,average_point_difference,win_percentage
DEN,82,54,1.9268292682926829,11.109756097560975,3.097560975609756,5.146341463414634,0.6585365853658537
ORL,82,45,1.7073170731707317,10.658536585365853,1.4268292682926829,0.6341463414634146,0.5487804878048781
DAL,82,26,2.0,10.207317073170731,3.4878048780487805,-5.512195121951219,0.3170731707317073
MIN,82,49,1.6341463414634145,9.939024390243903,-0.524390243902439,3.3536585365853657,0.5975609756097561
POR,82,42,1.6585365853658536,9.926829268292684,0.4878048780487805,-0.2926829268292683,0.5121951219512195
DET,82,60,1.5365853658536586,9.74390243902439,-1.7804878048780488,8.158536585365853,0.7317073170731707
LAL,82,53,1.7439024390243902,9.670731707317072,2.5853658536585367,1.7560975609756098,0.6463414634146342
LAC,82,42,1.7439024390243902,9.463414634146341,2.524390243902439,1.1341463414634145,0.5121951219512195
SAS,82,62,1.6341463414634145,9.402439024390244,1.7560975609756098,8.304878048780488,0.7560975609756098
CLE,82,52,1.670731707317073,9.207317073170731,0.5365853658536586,4.109756097560975,0.6341463414634146
MIA,82,43,1.7073170731707317,9.182926829268293,1.5975609756097562,2.3292682926829267,0.524390243902439
HOU,82,52,1.8902439024390243,9.109756097560975,1.9390243902439024,5.219512195121951,0.6341463414634146
NOP,82,26,1.6951219512195121,9.073170731707316,0.6585365853658537,-4.5,0.3170731707317073
UTA,82,22,1.3658536585365855,8.853658536585366,-1.4390243902439024,-8.426829268292684,0.2682926829268293
PHI,82,45,1.5365853658536586,8.597560975609756,-0.9024390243902439,-0.18292682926829268,0.5487804878048781
OKC,82,64,1.6097560975609757,8.439024390243903,1.2317073170731707,11.146341463414634,0.7804878048780488
CHA,82,44,1.5,7.890243902439025,1.0121951219512195,4.829268292682927,0.5365853658536586
IND,82,19,1.4878048780487805,7.878048780487805,-1.1951219512195121,-7.987804878048781,0.23170731707317074
CHI,82,31,1.475609756097561,7.7682926829268295,0.34146341463414637,-5.2073170731707314,0.3780487804878049
BKN,82,20,1.5609756097560976,7.695121951219512,-1.853658536585366,-9.987804878048781,0.24390243902439024
GSW,82,37,1.4268292682926829,7.573170731707317,-0.2682926829268293,-0.5609756097560976,0.45121951219512196
MEM,82,25,1.3414634146341464,7.524390243902439,-1.8902439024390243,-6.012195121951219,0.3048780487804878
TOR,82,46,1.4146341463414633,7.365853658536586,-1.8658536585365855,2.8292682926829267,0.5609756097560976
SAC,82,22,1.2804878048780488,7.2926829268292686,-1.1585365853658536,-10.0,0.2682926829268293
ATL,82,46,1.3414634146341464,7.073170731707317,-0.7439024390243902,2.4146341463414633,0.5609756097560976
NYK,82,53,1.3048780487804879,7.024390243902439,-1.170731707317073,6.329268292682927,0.6463414634146342
PHX,82,45,1.1585365853658536,6.878048780487805,-2.268292682926829,1.4634146341463414,0.5487804878048781
MIL,82,32,1.329268292682927,6.780487804878049,-1.0365853658536586,-6.2073170731707314,0.3902439024390244
BOS,82,56,1.3658536585365855,6.7560975609756095,-0.5,7.695121951219512,0.6829268292682927
WAS,82,17,1.2073170731707317,6.341463414634147,-4.085365853658536,-11.975609756097562,0.2073170731707317
