season,team_game_rows,first_more_win_percentage,first_fewer_win_percentage,first_bonus_win_gap,more_bonus_fta_win_percentage,fewer_bonus_fta_win_percentage,bonus_fta_win_gap,both_advantages_win_percentage,both_disadvantages_win_percentage,combined_win_gap,start_year
1996-97,2378,57.795100222717146,42.20489977728285,15.590200445434299,65.16651665166516,34.83348334833483,30.333033303330332,64.1399416909621,35.8600583090379,28.2798833819242,1996
1997-98,2378,55.26024363233666,44.73975636766335,10.520487264673314,64.349376114082,35.650623885918,28.698752228164004,62.0253164556962,37.9746835443038,24.0506329113924,1997
1998-99,1450,58.09352517985612,41.906474820143885,16.187050359712238,65.15373352855052,34.84626647144949,30.30746705710103,63.341067285382834,36.65893271461717,26.682134570765662,1998
1999-00,2378,55.4054054054054,44.5945945945946,10.810810810810807,58.56890459363958,41.43109540636043,17.137809187279153,59.54738330975955,40.45261669024045,19.094766619519106,1999
2000-01,2378,55.19911504424779,44.80088495575221,10.39823008849558,60.957642725598525,39.042357274401475,21.91528545119705,59.883720930232556,40.116279069767444,19.767441860465112,2000
2001-02,2378,56.06382978723404,43.93617021276596,12.127659574468083,61.7828773168579,38.2171226831421,23.565754633715798,61.60949868073878,38.39050131926121,23.21899736147757,2001
2002-03,2378,52.75938189845475,47.24061810154526,5.518763796909489,60.77199281867145,39.22800718132854,21.543985637342907,58.110014104372354,41.889985895627646,16.220028208744708,2002
2003-04,2378,54.565217391304344,45.43478260869565,9.130434782608695,62.85971223021583,37.14028776978417,25.719424460431654,60.37735849056604,39.62264150943396,20.754716981132077,2003
2004-05,2460,55.98705501618123,44.01294498381877,11.97411003236246,63.59724612736662,36.40275387263339,27.194492254733227,62.22222222222222,37.77777777777778,24.444444444444443,2004
2005-06,2460,56.09756097560976,43.90243902439025,12.195121951219512,63.6986301369863,36.3013698630137,27.397260273972606,62.26666666666667,37.733333333333334,24.53333333333334,2005
2006-07,2460,52.86016949152542,47.13983050847458,5.720338983050837,60.13925152306353,39.860748476936465,20.278503046127064,58.03324099722992,41.96675900277008,16.066481994459835,2006
2007-08,2460,52.96566077003122,47.03433922996878,5.9313215400624415,61.63194444444444,38.36805555555556,23.263888888888886,59.199999999999996,40.8,18.4,2007
2008-09,2460,54.315789473684205,45.68421052631579,8.631578947368418,62.58741258741259,37.41258741258741,25.174825174825173,60.7094133697135,39.2905866302865,21.418826739427004,2008
2009-10,2460,56.68058455114823,43.31941544885177,13.361169102296458,64.76683937823834,35.233160621761655,29.53367875647669,63.35078534031413,36.64921465968586,26.701570680628272,2009
2010-11,2460,58.03108808290155,41.968911917098445,16.062176165803102,62.99212598425197,37.00787401574803,25.98425196850394,63.30275229357798,36.69724770642202,26.605504587155963,2010
2011-12,1980,54.486345903771124,45.51365409622887,8.972691807542255,60.599334073251946,39.400665926748054,21.19866814650389,58.69918699186992,41.300813008130085,17.398373983739837,2011
2012-13,2458,53.95299145299145,46.047008547008545,7.905982905982903,60.19247594050744,39.807524059492565,20.384951881014878,59.00783289817232,40.992167101827675,18.015665796344642,2012
2013-14,2460,55.175983436853,44.824016563147,10.351966873706004,63.1993006993007,36.8006993006993,26.3986013986014,60.76923076923077,39.23076923076923,21.538461538461533,2013
2014-15,2460,55.79710144927537,44.20289855072464,11.594202898550726,61.37152777777778,38.62847222222222,22.743055555555557,60.12658227848101,39.87341772151899,20.25316455696202,2014
2015-16,2460,54.85537190082644,45.14462809917356,9.710743801652882,60.786026200873366,39.21397379912664,21.572052401746724,59.43517329910141,40.564826700898585,18.870346598202822,2015
2016-17,2460,56.35416666666667,43.645833333333336,12.708333333333336,61.267605633802816,38.732394366197184,22.535211267605632,59.716859716859716,40.283140283140284,19.433719433719432,2016
2017-18,2460,53.75661375661376,46.24338624338624,7.51322751322752,59.36952714535902,40.63047285464098,18.739054290718045,58.45347313237221,41.54652686762779,16.90694626474442,2017
2018-19,2460,54.23365487674169,45.766345123258304,8.467309753483384,57.7758470894874,42.22415291051259,15.551694178974806,58.099062918340024,41.900937081659976,16.19812583668005,2018
2019-20,2118,56.84340320591862,43.15659679408138,13.686806411837239,60.26156941649899,39.73843058350101,20.523138832997986,60.790273556231,39.209726443769,21.580547112462,2019
2020-21,2160,55.04252733900364,44.95747266099636,10.085054678007282,58.77106045589693,41.22893954410307,17.54212091179386,58.370370370370374,41.629629629629626,16.740740740740748,2020
2021-22,2460,53.48101265822785,46.51898734177215,6.962025316455694,55.87719298245614,44.122807017543856,11.75438596491228,55.36423841059602,44.63576158940397,10.728476821192054,2021
2022-23,2460,51.32275132275132,48.67724867724868,2.6455026455026456,56.540825285338016,43.459174714661984,13.081650570676032,54.666666666666664,45.33333333333333,9.333333333333336,2022
2023-24,2460,54.66101694915254,45.33898305084746,9.32203389830508,59.36113575865129,40.63886424134871,18.722271517302573,59.37090432503277,40.62909567496724,18.74180865006553,2023
2024-25,2460,51.5778019586507,48.42219804134929,3.1556039173014128,56.200527704485495,43.79947229551451,12.401055408970983,55.06072874493927,44.93927125506073,10.121457489878537,2024
2025-26,2460,53.57142857142857,46.42857142857143,7.142857142857139,56.582388840453355,43.417611159546645,13.16477768090671,55.932203389830505,44.06779661016949,11.864406779661017,2025
