season,games,average_bonus_fta,average_bonus_fta_difference,win_rate_fewer_first_bonus_periods,win_rate_more_first_bonus_periods,win_rate_tied_first_bonus_periods,first_bonus_win_advantage,bonus_fta_point_margin_correlation
1996-97,1189,11.413372582001681,0.0,0.4220489977728285,0.5779510022271714,0.5,0.15590200445434294,0.18976282034084574
1997-98,1189,11.987384356602186,0.0,0.44739756367663347,0.5526024363233666,0.5,0.10520487264673312,0.21546137691950784
1998-99,725,11.50344827586207,0.0,0.41906474820143885,0.5809352517985612,0.5,0.16187050359712235,0.21288939908088522
1999-00,1189,12.10681244743482,0.0,0.44594594594594594,0.5540540540540541,0.5,0.10810810810810811,0.08855266418283836
2000-01,1189,10.817073170731707,0.0,0.4480088495575221,0.5519911504424779,0.5,0.1039823008849558,0.16228118557635737
2001-02,1189,9.683347350714886,0.0,0.43936170212765957,0.5606382978723404,0.5,0.12127659574468086,0.15640807135343132
2002-03,1189,10.28721614802355,0.0,0.47240618101545256,0.5275938189845475,0.5,0.05518763796909493,0.16156745249374568
2003-04,1189,10.049201009251473,0.0,0.4543478260869565,0.5456521739130434,0.5,0.09130434782608693,0.18066171672403417
2004-05,1230,11.55,0.0,0.4401294498381877,0.5598705501618123,0.5,0.11974110032362462,0.2051562388385972
2005-06,1230,11.463821138211381,0.0,0.43902439024390244,0.5609756097560976,0.5,0.12195121951219517,0.18954277596313002
2006-07,1230,10.729674796747968,0.0,0.4713983050847458,0.5286016949152542,0.5,0.05720338983050843,0.11596425123206333
2007-08,1230,9.77520325203252,0.0,0.4703433922996878,0.5296566077003122,0.5,0.0593132154006244,0.13665059080272815
2008-09,1230,9.705691056910569,0.0,0.4568421052631579,0.5431578947368421,0.5,0.08631578947368418,0.17310227024550667
2009-10,1230,9.314634146341463,0.0,0.4331941544885177,0.5668058455114823,0.5,0.13361169102296455,0.19823073973745042
2010-11,1230,8.603658536585366,0.0,0.41968911917098445,0.5803108808290155,0.5,0.16062176165803105,0.19905200805177306
2011-12,990,7.4646464646464645,0.0,0.45513654096228867,0.5448634590377113,0.5,0.0897269180754226,0.10003729381105367
2012-13,1229,7.728234336859235,0.0,0.46047008547008544,0.5395299145299145,0.5,0.07905982905982906,0.10236025786046682
2013-14,1230,8.613414634146341,0.0,0.44824016563146996,0.55175983436853,0.5,0.10351966873706009,0.11774373253709053
2014-15,1230,8.06260162601626,0.0,0.4420289855072464,0.5579710144927537,0.5,0.11594202898550726,0.10985293997250363
2015-16,1230,8.382113821138212,0.0,0.45144628099173556,0.5485537190082644,0.5,0.09710743801652888,0.13655433786200566
2016-17,1230,7.785365853658536,0.0,0.43645833333333334,0.5635416666666667,0.5,0.12708333333333338,0.14940619808783745
2017-18,1230,7.876829268292683,0.0,0.4624338624338624,0.5375661375661376,0.5,0.07513227513227516,0.08886422548847102
2018-19,1230,9.377235772357723,0.0,0.45766345123258306,0.5423365487674169,0.5,0.08467309753483382,0.044328786396906024
2019-20,1059,9.110009442870632,0.0,0.4315659679408138,0.5684340320591862,0.5,0.13686806411837238,0.11142544344700533
2020-21,1080,7.724074074074074,0.0,0.44957472660996356,0.5504252733900364,0.5,0.10085054678007288,-0.0027752618847727575
2021-22,1230,8.01260162601626,0.0,0.4651898734177215,0.5348101265822784,0.5,0.06962025316455694,0.03240584462892821
2022-23,1230,8.217479674796747,0.0,0.48677248677248675,0.5132275132275133,0.5,0.02645502645502651,0.04698995975909391
2023-24,1230,7.1674796747967475,0.0,0.4533898305084746,0.5466101694915254,0.5,0.09322033898305082,0.06379907975233355
2024-25,1230,7.154878048780488,0.0,0.4842219804134929,0.515778019586507,0.5,0.03155603917301414,0.06507938771027509
2025-26,1230,8.480894308943089,0.0,0.4642857142857143,0.5357142857142857,0.5,0.0714285714285714,0.10222582440210107
