season,team,games,wins,average_first_bonus_periods,average_bonus_fta,average_bonus_fta_difference,average_point_difference,win_percentage
1996-97,ATL,82,56,1.7439024390243902,10.804878048780488,2.7804878048780486,5.439024390243903,0.6829268292682927
1996-97,BOS,82,15,1.7926829268292683,11.414634146341463,-1.8902439024390243,-7.329268292682927,0.18292682926829268
1996-97,CHH,82,54,1.7073170731707317,11.304878048780488,1.8658536585365855,1.8658536585365855,0.6585365853658537
1996-97,CHI,82,69,1.670731707317073,9.548780487804878,0.5487804878048781,10.804878048780488,0.8414634146341463
1996-97,CLE,82,42,1.353658536585366,9.402439024390244,-2.9390243902439024,1.8414634146341464,0.5121951219512195
1996-97,DAL,82,24,1.6219512195121952,9.597560975609756,-0.8780487804878049,-6.353658536585366,0.2926829268292683
1996-97,DEN,82,21,1.6829268292682926,10.170731707317072,-0.3048780487804878,-6.280487804878049,0.25609756097560976
1996-97,DET,82,54,1.8414634146341464,11.134146341463415,2.597560975609756,5.2439024390243905,0.6585365853658537
1996-97,GSW,82,30,1.7439024390243902,12.109756097560975,1.2073170731707317,-4.7073170731707314,0.36585365853658536
1996-97,HOU,82,57,1.7804878048780488,10.402439024390244,2.048780487804878,4.475609756097561,0.6951219512195121
1996-97,IND,82,39,1.670731707317073,13.560975609756097,0.06097560975609756,0.975609756097561,0.47560975609756095
1996-97,LAC,82,36,1.3902439024390243,11.426829268292684,-1.9878048780487805,-2.3536585365853657,0.43902439024390244
1996-97,LAL,82,56,1.975609756097561,13.390243902439025,2.682926829268293,4.2682926829268295,0.6829268292682927
1996-97,MIA,82,61,1.6829268292682926,11.170731707317072,-1.2926829268292683,5.487804878048781,0.7439024390243902
1996-97,MIL,82,33,1.5731707317073171,11.475609756097562,-1.0365853658536586,-1.8902439024390243,0.4024390243902439
1996-97,MIN,82,40,1.7195121951219512,12.146341463414634,0.3048780487804878,-1.475609756097561,0.4878048780487805
1996-97,NJN,82,26,1.6097560975609757,11.25609756097561,-1.1219512195121952,-4.560975609756097,0.3170731707317073
1996-97,NYK,82,57,1.4390243902439024,12.439024390243903,-2.402439024390244,3.1219512195121952,0.6951219512195121
1996-97,ORL,82,45,1.6951219512195121,10.71951219512195,1.1219512195121952,-0.35365853658536583,0.5487804878048781
1996-97,PHI,82,22,2.2439024390243905,15.048780487804878,4.109756097560975,-6.536585365853658,0.2682926829268293
1996-97,PHX,82,40,1.7926829268292683,11.414634146341463,0.6951219512195121,0.6585365853658537,0.4878048780487805
1996-97,POR,82,49,1.7195121951219512,13.097560975609756,-0.2682926829268293,4.170731707317073,0.5975609756097561
1996-97,SAC,82,34,1.4634146341463414,11.21951219512195,-2.6707317073170733,-3.3780487804878048,0.4146341463414634
1996-97,SAS,82,20,1.5609756097560976,9.25609756097561,-1.7317073170731707,-7.878048780487805,0.24390243902439024
1996-97,SEA,82,57,1.9634146341463414,12.926829268292684,1.8170731707317074,7.682926829268292,0.6951219512195121
1996-97,TOR,82,30,1.4024390243902438,10.804878048780488,-2.207317073170732,-3.1219512195121952,0.36585365853658536
1996-97,UTA,82,64,1.9024390243902438,14.768292682926829,0.9512195121951219,8.792682926829269,0.7804878048780488
1996-97,VAN,82,14,1.3170731707317074,8.207317073170731,-2.3292682926829267,-10.231707317073171,0.17073170731707318
1996-97,WAS,82,44,1.6219512195121952,10.768292682926829,0.2682926829268293,1.6219512195121952,0.5365853658536586
1997-98,ATL,82,50,2.1463414634146343,13.853658536585366,5.2073170731707314,3.5121951219512195,0.6097560975609756
1997-98,BOS,82,36,1.0975609756097562,10.682926829268293,-7.902439024390244,-2.6219512195121952,0.43902439024390244
1997-98,CHH,82,51,1.9268292682926829,12.792682926829269,2.2804878048780486,2.0,0.6219512195121951
1997-98,CHI,82,62,1.7317073170731707,10.951219512195122,0.5609756097560976,7.109756097560975,0.7560975609756098
1997-98,CLE,82,47,1.6219512195121952,12.939024390243903,0.036585365853658534,2.731707317073171,0.573170731707317
1997-98,DAL,82,20,1.329268292682927,7.7560975609756095,-1.5609756097560976,-6.109756097560975,0.24390243902439024
1997-98,DEN,82,11,1.4878048780487805,11.24390243902439,-3.182926829268293,-11.78048780487805,0.13414634146341464
1997-98,DET,82,37,1.7317073170731707,12.597560975609756,1.1341463414634145,1.5731707317073171,0.45121951219512196
1997-98,GSW,82,19,1.3048780487804879,9.573170731707316,-2.9634146341463414,-9.121951219512194,0.23170731707317074
1997-98,HOU,82,41,1.7195121951219512,11.378048780487806,1.7926829268292683,-0.7560975609756098,0.5
1997-98,IND,82,58,1.6097560975609757,12.231707317073171,0.08536585365853659,6.085365853658536,0.7073170731707317
1997-98,LAC,82,17,1.646341463414634,10.695121951219512,-1.1829268292682926,-7.365853658536586,0.2073170731707317
1997-98,LAL,82,61,2.268292682926829,17.23170731707317,5.304878048780488,7.7439024390243905,0.7439024390243902
1997-98,MIA,82,55,1.670731707317073,11.621951219512194,-1.9390243902439024,4.926829268292683,0.6707317073170732
1997-98,MIL,82,36,1.5609756097560976,11.695121951219512,-1.3048780487804879,-1.9146341463414633,0.43902439024390244
1997-98,MIN,82,45,1.8414634146341464,12.536585365853659,0.47560975609756095,0.7073170731707317,0.5487804878048781
1997-98,NJN,82,43,1.9634146341463414,14.804878048780488,2.0853658536585367,1.5731707317073171,0.524390243902439
1997-98,NYK,82,43,1.2804878048780488,9.707317073170731,-3.9634146341463414,2.4634146341463414,0.524390243902439
1997-98,ORL,82,41,1.951219512195122,12.329268292682928,3.1097560975609757,-1.0731707317073171,0.5
1997-98,PHI,82,31,1.7073170731707317,12.853658536585366,0.0,-2.3902439024390243,0.3780487804878049
1997-98,PHX,82,56,1.6219512195121952,10.097560975609756,-1.0853658536585367,5.182926829268292,0.6829268292682927
1997-98,POR,82,46,1.6951219512195121,11.926829268292684,-0.4268292682926829,1.4024390243902438,0.5609756097560976
1997-98,SAC,82,27,1.5731707317073171,10.768292682926829,-1.0121951219512195,-5.585365853658536,0.32926829268292684
1997-98,SAS,82,56,1.7682926829268293,11.853658536585366,1.4024390243902438,3.9878048780487805,0.6829268292682927
1997-98,SEA,82,61,1.9634146341463414,11.890243902439025,0.7073170731707317,7.170731707317073,0.7439024390243902
1997-98,TOR,82,16,1.524390243902439,10.451219512195122,-2.1951219512195124,-9.268292682926829,0.1951219512195122
1997-98,UTA,82,62,2.048780487804878,16.71951219512195,3.707317073170732,6.536585365853658,0.7560975609756098
1997-98,VAN,82,19,1.8414634146341464,11.768292682926829,-0.4878048780487805,-7.304878048780488,0.23170731707317074
1997-98,WAS,82,42,1.670731707317073,12.682926829268293,1.3170731707317074,0.5853658536585366,0.5121951219512195
1998-99,ATL,50,31,2.18,14.88,6.94,2.9,0.62
1998-99,BOS,50,19,0.92,8.48,-5.82,-1.86,0.38
1998-99,CHH,50,26,1.96,12.98,1.62,-0.1,0.52
1998-99,CHI,50,13,1.72,10.18,-0.8,-9.46,0.26
1998-99,CLE,50,22,1.8,14.3,0.6,-1.72,0.44
1998-99,DAL,50,19,1.56,9.68,-1.0,-2.4,0.38
1998-99,DEN,50,14,1.72,11.74,-0.74,-6.6,0.28
1998-99,DET,50,29,1.64,11.32,-0.78,3.42,0.58
1998-99,GSW,50,21,1.24,9.56,-5.88,-2.5,0.42
1998-99,HOU,50,31,1.82,10.4,2.18,2.32,0.62
1998-99,IND,50,33,1.54,11.6,1.1,3.74,0.66
1998-99,LAC,50,9,1.46,9.6,-4.18,-8.82,0.18
1998-99,LAL,50,31,1.8,15.68,0.68,3.02,0.62
1998-99,MIA,50,33,1.96,10.86,1.6,4.96,0.66
1998-99,MIL,50,28,1.48,9.2,-2.84,1.66,0.56
1998-99,MIN,50,25,1.22,8.82,-5.46,0.38,0.5
1998-99,NJN,50,16,1.42,10.72,-1.26,-3.78,0.32
1998-99,NYK,50,27,1.42,9.8,-2.36,1.02,0.54
1998-99,ORL,50,33,1.9,10.1,2.42,2.6,0.66
1998-99,PHI,50,28,1.66,13.62,1.16,2.06,0.56
1998-99,PHX,50,27,1.64,10.0,0.26,2.26,0.54
1998-99,POR,50,35,1.82,12.26,0.88,6.36,0.7
1998-99,SAC,50,27,1.68,11.36,3.0,-0.42,0.54
1998-99,SAS,50,37,1.92,12.92,3.7,8.06,0.74
1998-99,SEA,50,25,1.92,13.14,2.84,-1.08,0.5
1998-99,TOR,50,23,1.82,11.56,-0.48,-1.64,0.46
1998-99,UTA,50,37,2.06,16.52,5.34,6.52,0.74
1998-99,VAN,50,8,1.64,12.52,0.46,-8.66,0.16
1998-99,WAS,50,18,1.5,9.8,-3.18,-2.24,0.36
1999-00,ATL,82,28,1.829268292682927,12.0,2.7195121951219514,-5.378048780487805,0.34146341463414637
1999-00,BOS,82,35,1.3170731707317074,12.207317073170731,-5.451219512195122,-0.7560975609756098,0.4268292682926829
1999-00,CHH,82,49,2.1951219512195124,15.707317073170731,6.914634146341464,2.6707317073170733,0.5975609756097561
1999-00,CHI,82,17,1.8170731707317074,12.71951219512195,0.5975609756097561,-9.402439024390244,0.2073170731707317
1999-00,CLE,82,32,1.7195121951219512,13.71951219512195,-1.5975609756097562,-3.5,0.3902439024390244
1999-00,DAL,82,40,1.3414634146341464,8.731707317073171,-2.426829268292683,-0.573170731707317,0.4878048780487805
1999-00,DEN,82,35,1.5609756097560976,12.146341463414634,-1.0609756097560976,-2.1219512195121952,0.4268292682926829
1999-00,DET,82,42,1.9634146341463414,15.78048780487805,2.073170731707317,1.4390243902439024,0.5121951219512195
1999-00,GSW,82,19,1.5609756097560976,12.878048780487806,-0.926829268292683,-8.268292682926829,0.23170731707317074
1999-00,HOU,82,34,1.9024390243902438,11.768292682926829,2.8658536585365852,-0.8658536585365854,0.4146341463414634
1999-00,IND,82,56,1.9146341463414633,12.195121951219512,2.7804878048780486,4.597560975609756,0.6829268292682927
1999-00,LAC,82,15,1.5365853658536586,9.939024390243903,-0.10975609756097561,-11.524390243902438,0.18292682926829268
1999-00,LAL,82,67,2.0853658536585367,15.231707317073171,3.2804878048780486,8.548780487804878,0.8170731707317073
1999-00,MIA,82,52,1.4634146341463414,10.304878048780488,-1.5121951219512195,3.1097560975609757,0.6341463414634146
1999-00,MIL,82,42,1.670731707317073,11.426829268292684,-2.1463414634146343,0.21951219512195122,0.5121951219512195
1999-00,MIN,82,50,1.3780487804878048,9.536585365853659,-3.024390243902439,2.524390243902439,0.6097560975609756
1999-00,NJN,82,31,1.7195121951219512,11.146341463414634,-1.024390243902439,-1.0365853658536586,0.3780487804878049
1999-00,NYK,82,50,1.4390243902439024,9.5,-3.902439024390244,1.4634146341463414,0.6097560975609756
1999-00,ORL,82,41,1.6951219512195121,12.71951219512195,0.24390243902439024,0.6829268292682927,0.5
1999-00,PHI,82,49,1.7804878048780488,12.487804878048781,0.012195121951219513,1.3414634146341464,0.5975609756097561
1999-00,PHX,82,53,1.3048780487804879,9.939024390243903,-3.5365853658536586,5.219512195121951,0.6463414634146342
1999-00,POR,82,59,1.7682926829268293,12.609756097560975,1.3902439024390243,6.402439024390244,0.7195121951219512
1999-00,SAC,82,44,1.829268292682927,12.378048780487806,2.5121951219512195,2.9146341463414633,0.5365853658536586
1999-00,SAS,82,53,2.097560975609756,12.329268292682928,3.475609756097561,5.939024390243903,0.6463414634146342
1999-00,SEA,82,45,1.8658536585365855,10.939024390243903,0.975609756097561,0.9512195121951219,0.5487804878048781
1999-00,TOR,82,45,1.6951219512195121,12.75609756097561,-0.5,-0.15853658536585366,0.5487804878048781
1999-00,UTA,82,55,1.8658536585365855,13.463414634146341,-0.4146341463414634,4.463414634146342,0.6707317073170732
1999-00,VAN,82,22,1.7804878048780488,11.853658536585366,0.6951219512195121,-5.621951219512195,0.2682926829268293
1999-00,WAS,82,29,1.3780487804878048,12.682926829268293,-2.902439024390244,-3.2804878048780486,0.35365853658536583
2000-01,ATL,82,25,1.4878048780487805,8.74390243902439,-3.073170731707317,-5.2073170731707314,0.3048780487804878
2000-01,BOS,82,36,1.8048780487804879,11.609756097560975,-0.9512195121951219,-2.1341463414634148,0.43902439024390244
2000-01,CHH,82,46,1.7804878048780488,11.012195121951219,1.975609756097561,2.097560975609756,0.5609756097560976
2000-01,CHI,82,15,1.451219512195122,9.71951219512195,-2.658536585365854,-9.097560975609756,0.18292682926829268
2000-01,CLE,82,30,1.670731707317073,10.573170731707316,-0.14634146341463414,-4.2439024390243905,0.36585365853658536
2000-01,DAL,82,53,1.3414634146341464,9.25609756097561,-3.341463414634146,4.280487804878049,0.6463414634146342
2000-01,DEN,82,40,1.6219512195121952,10.548780487804878,-0.10975609756097561,-2.4634146341463414,0.4878048780487805
2000-01,DET,82,32,1.8780487804878048,13.585365853658537,1.024390243902439,-1.6951219512195121,0.3902439024390244
2000-01,GSW,82,17,1.6829268292682926,10.036585365853659,0.7682926829268293,-9.048780487804878,0.2073170731707317
2000-01,HOU,82,45,1.646341463414634,10.987804878048781,2.451219512195122,2.292682926829268,0.5487804878048781
2000-01,IND,82,41,1.646341463414634,10.902439024390244,0.024390243902439025,-0.1951219512195122,0.5
2000-01,LAC,82,31,1.670731707317073,10.987804878048781,1.2073170731707317,-2.8902439024390243,0.3780487804878049
2000-01,LAL,82,56,1.951219512195122,14.085365853658537,2.7804878048780486,3.3780487804878048,0.6829268292682927
2000-01,MIA,82,50,1.6951219512195121,10.475609756097562,1.5121951219512195,2.292682926829268,0.6097560975609756
2000-01,MIL,82,52,1.3414634146341464,10.097560975609756,-1.8658536585365855,3.8780487804878048,0.6341463414634146
2000-01,MIN,82,47,1.2926829268292683,8.829268292682928,-3.658536585365854,1.353658536585366,0.573170731707317
2000-01,NJN,82,26,1.5,10.560975609756097,-2.5609756097560976,-5.048780487804878,0.3170731707317073
2000-01,NYK,82,48,1.353658536585366,8.463414634146341,-2.6463414634146343,2.6341463414634148,0.5853658536585366
2000-01,ORL,82,43,1.4024390243902438,10.804878048780488,-3.731707317073171,0.9878048780487805,0.524390243902439
2000-01,PHI,82,56,2.158536585365854,12.341463414634147,3.768292682926829,4.280487804878049,0.6829268292682927
2000-01,PHX,82,51,1.7073170731707317,10.609756097560975,-1.0853658536585367,2.207317073170732,0.6219512195121951
2000-01,POR,82,50,1.5609756097560976,10.231707317073171,0.975609756097561,4.195121951219512,0.6097560975609756
2000-01,SAC,82,55,1.8780487804878048,10.829268292682928,3.231707317073171,5.817073170731708,0.6707317073170732
2000-01,SAS,82,58,2.0853658536585367,12.463414634146341,5.2439024390243905,7.7560975609756095,0.7073170731707317
2000-01,SEA,82,44,1.6829268292682926,9.78048780487805,0.2926829268292683,0.024390243902439025,0.5365853658536586
2000-01,TOR,82,47,1.7195121951219512,10.524390243902438,0.7682926829268293,2.2560975609756095,0.573170731707317
2000-01,UTA,82,53,1.5121951219512195,12.792682926829269,-2.7439024390243905,4.695121951219512,0.6463414634146342
2000-01,VAN,82,23,1.5609756097560976,9.792682926829269,0.4878048780487805,-5.7317073170731705,0.2804878048780488
2000-01,WAS,82,19,1.9268292682926829,13.048780487804878,2.0609756097560976,-6.670731707317073,0.23170731707317074
2001-02,ATL,82,33,1.5,8.841463414634147,-0.6219512195121951,-4.2317073170731705,0.4024390243902439
2001-02,BOS,82,49,1.475609756097561,9.329268292682928,-0.9024390243902439,2.207317073170732,0.5975609756097561
2001-02,CHH,82,44,1.548780487804878,9.829268292682928,0.8170731707317073,0.9634146341463414,0.5365853658536586
2001-02,CHI,82,21,1.475609756097561,8.853658536585366,-1.975609756097561,-8.536585365853659,0.25609756097560976
2001-02,CLE,82,29,1.5,9.097560975609756,-0.34146341463414637,-3.3292682926829267,0.35365853658536583
2001-02,DAL,82,57,1.4878048780487805,9.902439024390244,-1.7317073170731707,4.2560975609756095,0.6951219512195121
2001-02,DEN,82,27,1.2804878048780488,8.292682926829269,-3.1341463414634148,-5.817073170731708,0.32926829268292684
2001-02,DET,82,50,1.7073170731707317,11.292682926829269,2.658536585365854,2.1341463414634148,0.6097560975609756
2001-02,GSW,82,21,1.8902439024390243,13.378048780487806,1.8902439024390243,-5.402439024390244,0.25609756097560976
2001-02,HOU,82,28,1.6341463414634145,8.109756097560975,1.5975609756097562,-4.890243902439025,0.34146341463414637
2001-02,IND,82,42,1.7317073170731707,11.804878048780488,1.048780487804878,0.2682926829268293,0.5121951219512195
2001-02,LAC,82,39,1.6097560975609757,10.451219512195122,2.1951219512195124,-0.4634146341463415,0.47560975609756095
2001-02,LAL,82,58,1.8048780487804879,11.841463414634147,0.35365853658536583,7.121951219512195,0.7073170731707317
2001-02,MEM,82,23,1.951219512195122,10.158536585365853,2.902439024390244,-7.439024390243903,0.2804878048780488
2001-02,MIA,82,36,1.475609756097561,8.060975609756097,-2.7439024390243905,-1.5365853658536586,0.43902439024390244
2001-02,MIL,82,41,1.4634146341463414,8.963414634146341,-0.5365853658536586,-0.21951219512195122,0.5
2001-02,MIN,82,50,1.3780487804878048,8.621951219512194,-0.8536585365853658,3.3780487804878048,0.6097560975609756
2001-02,NJN,82,52,1.353658536585366,8.268292682926829,-1.524390243902439,4.158536585365853,0.6341463414634146
2001-02,NYK,82,30,1.4024390243902438,8.512195121951219,-2.0609756097560976,-3.9878048780487805,0.36585365853658536
2001-02,ORL,82,44,1.4024390243902438,8.585365853658537,-1.170731707317073,1.5731707317073171,0.5365853658536586
2001-02,PHI,82,43,1.9634146341463414,11.609756097560975,3.097560975609756,1.5975609756097562,0.524390243902439
2001-02,PHX,82,36,1.1829268292682926,6.2439024390243905,-4.2073170731707314,-0.6829268292682927,0.43902439024390244
2001-02,POR,82,49,1.5853658536585367,9.060975609756097,1.1829268292682926,2.9878048780487805,0.5975609756097561
2001-02,SAC,82,61,1.8902439024390243,11.292682926829269,3.207317073170732,7.609756097560975,0.7439024390243902
2001-02,SAS,82,58,2.0,11.463414634146341,4.329268292682927,6.2073170731707314,0.7073170731707317
2001-02,SEA,82,45,1.329268292682927,7.634146341463414,-1.4634146341463414,3.024390243902439,0.5487804878048781
2001-02,TOR,82,42,1.1829268292682926,7.7682926829268295,-2.6219512195121952,-0.43902439024390244,0.5121951219512195
2001-02,UTA,82,44,2.0121951219512195,14.475609756097562,1.329268292682927,0.8902439024390244,0.5365853658536586
2001-02,WAS,82,37,1.5,9.073170731707316,-0.7195121951219512,-1.4024390243902438,0.45121951219512196
2002-03,ATL,82,35,1.7195121951219512,9.695121951219512,-0.573170731707317,-3.5609756097560976,0.4268292682926829
2002-03,BOS,82,44,1.6341463414634145,9.853658536585366,-0.10975609756097561,-0.3902439024390244,0.5365853658536586
2002-03,CHI,82,30,1.3902439024390243,10.182926829268293,-3.597560975609756,-5.134146341463414,0.36585365853658536
2002-03,CLE,82,17,1.5365853658536586,9.78048780487805,-1.3414634146341464,-9.621951219512194,0.2073170731707317
2002-03,DAL,82,60,1.5121951219512195,8.585365853658537,-1.353658536585366,7.780487804878049,0.7317073170731707
2002-03,DEN,82,17,1.2926829268292683,9.524390243902438,-4.841463414634147,-8.28048780487805,0.2073170731707317
2002-03,DET,82,50,1.951219512195122,11.353658536585366,2.2560975609756095,3.682926829268293,0.6097560975609756
2002-03,GSW,82,38,1.951219512195122,13.609756097560975,3.6463414634146343,-1.1341463414634145,0.4634146341463415
2002-03,HOU,82,43,1.829268292682927,10.768292682926829,3.207317073170732,1.475609756097561,0.524390243902439
2002-03,IND,82,48,1.8170731707317074,11.646341463414634,1.0609756097560976,3.4878048780487805,0.5853658536585366
2002-03,LAC,82,27,1.8414634146341464,11.414634146341463,1.0121951219512195,-4.121951219512195,0.32926829268292684
2002-03,LAL,82,50,1.7195121951219512,12.109756097560975,0.17073170731707318,2.3292682926829267,0.6097560975609756
2002-03,MEM,82,28,1.6219512195121952,10.121951219512194,0.7073170731707317,-3.231707317073171,0.34146341463414637
2002-03,MIA,82,25,1.353658536585366,8.463414634146341,-2.7439024390243905,-5.048780487804878,0.3048780487804878
2002-03,MIL,82,42,1.4390243902439024,9.134146341463415,-1.7560975609756098,0.23170731707317074,0.5121951219512195
2002-03,MIN,82,51,1.4878048780487805,8.975609756097562,0.012195121951219513,2.073170731707317,0.6219512195121951
2002-03,NJN,82,49,1.8658536585365855,11.182926829268293,0.8902439024390244,5.219512195121951,0.5975609756097561
2002-03,NOH,82,47,1.475609756097561,9.865853658536585,0.1951219512195122,2.1097560975609757,0.573170731707317
2002-03,NYK,82,37,1.2560975609756098,7.829268292682927,-4.280487804878049,-1.353658536585366,0.45121951219512196
2002-03,ORL,82,42,1.548780487804878,10.487804878048781,-1.2804878048780488,0.13414634146341464,0.5121951219512195
2002-03,PHI,82,48,1.7682926829268293,12.195121951219512,1.3902439024390243,2.3048780487804876,0.5853658536585366
2002-03,PHX,82,44,1.5121951219512195,9.341463414634147,-0.7439024390243902,1.1341463414634145,0.5365853658536586
2002-03,POR,82,50,1.7317073170731707,8.804878048780488,0.975609756097561,2.6097560975609757,0.6097560975609756
2002-03,SAC,82,59,1.524390243902439,9.439024390243903,0.4024390243902439,6.5,0.7195121951219512
2002-03,SAS,82,60,1.9268292682926829,11.902439024390244,3.548780487804878,5.414634146341464,0.7317073170731707
2002-03,SEA,82,40,1.4268292682926829,8.634146341463415,-0.34146341463414637,-0.12195121951219512,0.4878048780487805
2002-03,TOR,82,24,1.451219512195122,9.109756097560975,-0.7560975609756098,-5.865853658536586,0.2926829268292683
2002-03,UTA,82,47,1.8902439024390243,12.975609756097562,1.2804878048780488,2.3902439024390243,0.573170731707317
2002-03,WAS,82,37,1.8048780487804879,11.341463414634147,2.9634146341463414,-1.0121951219512195,0.45121951219512196
2003-04,ATL,82,28,1.5609756097560976,9.451219512195122,-1.7073170731707317,-4.646341463414634,0.34146341463414637
2003-04,BOS,82,36,1.7926829268292683,11.475609756097562,0.45121951219512196,-1.451219512195122,0.43902439024390244
2003-04,CHI,82,23,1.2804878048780488,8.414634146341463,-3.8780487804878048,-6.353658536585366,0.2804878048780488
2003-04,CLE,82,35,1.5731707317073171,9.060975609756097,-0.573170731707317,-2.6219512195121952,0.4268292682926829
2003-04,DAL,82,52,1.6097560975609757,8.939024390243903,0.7195121951219512,4.439024390243903,0.6341463414634146
2003-04,DEN,82,43,1.829268292682927,11.182926829268293,0.4878048780487805,1.0731707317073171,0.524390243902439
2003-04,DET,82,54,1.951219512195122,11.865853658536585,3.7804878048780486,5.841463414634147,0.6585365853658537
2003-04,GSW,82,37,1.5853658536585367,10.304878048780488,0.926829268292683,-0.7317073170731707,0.45121951219512196
2003-04,HOU,82,45,1.4024390243902438,8.390243902439025,-1.3780487804878048,1.7317073170731707,0.5487804878048781
2003-04,IND,82,61,1.6219512195121952,10.207317073170731,1.6097560975609757,5.7560975609756095,0.7439024390243902
2003-04,LAC,82,28,1.951219512195122,12.353658536585366,1.9634146341463414,-4.585365853658536,0.34146341463414637
2003-04,LAL,82,56,2.0365853658536586,14.548780487804878,4.670731707317073,3.902439024390244,0.6829268292682927
2003-04,MEM,82,50,1.7804878048780488,11.682926829268293,-0.24390243902439024,2.4390243902439024,0.6097560975609756
2003-04,MIA,82,42,1.3780487804878048,9.097560975609756,-1.646341463414634,0.524390243902439,0.5121951219512195
2003-04,MIL,82,41,1.8414634146341464,11.804878048780488,2.2804878048780486,1.0609756097560976,0.5
2003-04,MIN,82,58,1.3902439024390243,8.890243902439025,-0.524390243902439,5.487804878048781,0.7073170731707317
2003-04,NJN,82,47,1.6219512195121952,9.536585365853659,0.2804878048780488,2.5,0.573170731707317
2003-04,NOH,82,41,1.7317073170731707,9.902439024390244,0.5609756097560976,-0.0975609756097561,0.5
2003-04,NYK,82,39,1.1097560975609757,7.5,-4.304878048780488,-1.475609756097561,0.47560975609756095
2003-04,ORL,82,21,1.5365853658536586,9.365853658536585,-0.32926829268292684,-7.024390243902439,0.25609756097560976
2003-04,PHI,82,33,1.5609756097560976,10.060975609756097,-0.04878048780487805,-2.4878048780487805,0.4024390243902439
2003-04,PHX,82,29,1.2073170731707317,7.512195121951219,-3.402439024390244,-3.7439024390243905,0.35365853658536583
2003-04,POR,82,41,1.4878048780487805,7.512195121951219,0.6463414634146342,-1.2682926829268293,0.5
2003-04,SAC,82,55,1.7439024390243902,11.71951219512195,3.024390243902439,5.012195121951219,0.6707317073170732
2003-04,SAS,82,57,1.6219512195121952,10.682926829268293,1.7804878048780488,7.219512195121951,0.6951219512195121
2003-04,SEA,82,37,1.2560975609756098,8.939024390243903,-1.3658536585365855,-0.6341463414634146,0.45121951219512196
2003-04,TOR,82,33,1.3170731707317074,7.853658536585366,-1.975609756097561,-3.0121951219512195,0.4024390243902439
2003-04,UTA,82,42,1.4146341463414633,12.048780487804878,-3.6219512195121952,-1.2195121951219512,0.5121951219512195
2003-04,WAS,82,25,1.9146341463414633,11.121951219512194,1.8170731707317074,-5.634146341463414,0.3048780487804878
2004-05,ATL,82,13,1.3048780487804879,9.829268292682928,-4.463414634146342,-9.707317073170731,0.15853658536585366
2004-05,BOS,82,45,1.7439024390243902,13.024390243902438,-1.146341463414634,0.8658536585365854,0.5487804878048781
2004-05,CHA,82,18,1.6341463414634145,11.804878048780488,-0.14634146341463414,-5.987804878048781,0.21951219512195122
2004-05,CHI,82,47,1.4390243902439024,10.865853658536585,-2.5121951219512195,1.0609756097560976,0.573170731707317
2004-05,CLE,82,42,1.5609756097560976,9.987804878048781,-2.1707317073170733,0.7926829268292683,0.5121951219512195
2004-05,DAL,82,58,1.9024390243902438,12.75609756097561,1.6585365853658536,5.7439024390243905,0.7073170731707317
2004-05,DEN,82,49,1.8658536585365855,13.146341463414634,1.048780487804878,2.024390243902439,0.5975609756097561
2004-05,DET,82,54,1.8414634146341464,11.585365853658537,3.097560975609756,3.8658536585365852,0.6585365853658537
2004-05,GSW,82,34,1.4390243902439024,9.365853658536585,-1.9634146341463414,-2.158536585365854,0.4146341463414634
2004-05,HOU,82,51,1.524390243902439,10.963414634146341,0.10975609756097561,4.036585365853658,0.6219512195121951
2004-05,IND,82,44,1.5975609756097562,11.670731707317072,0.8414634146341463,0.7560975609756098,0.5365853658536586
2004-05,LAC,82,37,2.0121951219512195,13.231707317073171,3.048780487804878,-0.7682926829268293,0.45121951219512196
2004-05,LAL,82,34,1.7926829268292683,11.475609756097562,1.1951219512195121,-2.9634146341463414,0.4146341463414634
2004-05,MEM,82,45,1.475609756097561,10.841463414634147,-1.6219512195121952,2.292682926829268,0.5487804878048781
2004-05,MIA,82,59,2.0853658536585367,14.012195121951219,2.6219512195121952,6.524390243902439,0.7195121951219512
2004-05,MIL,82,30,1.9268292682926829,12.804878048780488,2.0609756097560976,-2.9878048780487805,0.36585365853658536
2004-05,MIN,82,44,1.4268292682926829,9.682926829268293,-0.5121951219512195,1.451219512195122,0.5365853658536586
2004-05,NJN,82,42,1.4268292682926829,11.097560975609756,-2.451219512195122,-1.5,0.5121951219512195
2004-05,NOH,82,18,1.4268292682926829,8.731707317073171,-3.1341463414634148,-7.073170731707317,0.21951219512195122
2004-05,NYK,82,33,1.5365853658536586,10.268292682926829,-2.292682926829268,-2.4390243902439024,0.4024390243902439
2004-05,ORL,82,36,1.8170731707317074,12.902439024390244,0.2926829268292683,-2.2439024390243905,0.43902439024390244
2004-05,PHI,82,43,1.9390243902439024,12.24390243902439,0.04878048780487805,-0.7439024390243902,0.524390243902439
2004-05,PHX,82,62,1.7073170731707317,10.475609756097562,2.426829268292683,7.121951219512195,0.7560975609756098
2004-05,POR,82,27,1.5365853658536586,9.646341463414634,0.14634146341463414,-4.0,0.32926829268292684
2004-05,SAC,82,50,1.7926829268292683,11.317073170731707,1.4268292682926829,2.158536585365854,0.6097560975609756
2004-05,SAS,82,59,1.8780487804878048,11.560975609756097,1.8658536585365855,7.804878048780488,0.7195121951219512
2004-05,SEA,82,52,1.7926829268292683,12.792682926829269,1.0731707317073171,2.292682926829268,0.6341463414634146
2004-05,TOR,82,33,1.7682926829268293,10.597560975609756,-0.5609756097560976,-1.6219512195121952,0.4024390243902439
2004-05,UTA,82,26,1.3414634146341464,13.414634146341463,-3.682926829268293,-4.2682926829268295,0.3170731707317073
2004-05,WAS,82,45,2.0609756097560976,14.402439024390244,3.6951219512195124,-0.32926829268292684,0.5487804878048781
2005-06,ATL,82,26,1.5853658536585367,11.134146341463415,-2.6951219512195124,-4.7560975609756095,0.3170731707317073
2005-06,BOS,82,33,1.5121951219512195,11.402439024390244,-2.4878048780487805,-1.5365853658536586,0.4024390243902439
2005-06,CHA,82,26,1.646341463414634,12.207317073170731,-0.9878048780487805,-4.0,0.3170731707317073
2005-06,CHI,82,41,1.3780487804878048,9.987804878048781,-3.8292682926829267,0.6341463414634146,0.5
2005-06,CLE,82,50,1.8048780487804879,11.304878048780488,1.670731707317073,2.231707317073171,0.6097560975609756
2005-06,DAL,82,60,1.853658536585366,13.402439024390244,2.9878048780487805,6.073170731707317,0.7317073170731707
2005-06,DEN,82,44,1.9390243902439024,11.841463414634147,0.573170731707317,0.23170731707317074,0.5365853658536586
2005-06,DET,82,64,1.6829268292682926,10.170731707317072,3.3780487804878048,6.670731707317073,0.7804878048780488
2005-06,GSW,82,34,1.5853658536585367,11.390243902439025,-1.2926829268292683,-1.353658536585366,0.4146341463414634
2005-06,HOU,82,34,1.5,9.792682926829269,-1.7560975609756098,-1.5853658536585367,0.4146341463414634
2005-06,IND,82,41,1.7804878048780488,11.378048780487806,1.2560975609756098,1.8902439024390243,0.5
2005-06,LAC,82,47,1.6829268292682926,11.414634146341463,0.1951219512195122,1.5731707317073171,0.573170731707317
2005-06,LAL,82,45,1.9390243902439024,12.634146341463415,1.1585365853658536,2.5,0.5487804878048781
2005-06,MEM,82,49,1.7926829268292683,11.317073170731707,1.3414634146341464,3.6951219512195124,0.5975609756097561
2005-06,MIA,82,52,1.829268292682927,12.560975609756097,0.7317073170731707,3.8658536585365852,0.6341463414634146
2005-06,MIL,82,40,1.7926829268292683,12.207317073170731,0.43902439024390244,-1.0365853658536586,0.4878048780487805
2005-06,MIN,82,33,1.5,9.365853658536585,-2.073170731707317,-1.8780487804878048,0.4024390243902439
2005-06,NJN,82,49,1.7560975609756098,11.926829268292684,-1.0731707317073171,1.3658536585365855,0.5975609756097561
2005-06,NOK,82,38,1.8048780487804879,11.817073170731707,1.5609756097560976,-2.817073170731707,0.4634146341463415
2005-06,NYK,82,23,1.6585365853658536,14.768292682926829,0.12195121951219512,-6.402439024390244,0.2804878048780488
2005-06,ORL,82,36,1.7073170731707317,12.268292682926829,0.7804878048780488,-1.0731707317073171,0.43902439024390244
2005-06,PHI,82,38,1.9634146341463414,11.487804878048781,1.548780487804878,-1.951219512195122,0.4634146341463415
2005-06,PHX,82,54,1.2804878048780488,6.902439024390244,-2.3536585365853657,5.548780487804878,0.6585365853658537
2005-06,POR,82,21,1.5853658536585367,9.646341463414634,-0.9634146341463414,-9.451219512195122,0.25609756097560976
2005-06,SAC,82,44,1.8658536585365855,11.865853658536585,2.6463414634146343,1.5365853658536586,0.5365853658536586
2005-06,SAS,82,63,1.4146341463414633,9.292682926829269,-0.7926829268292683,6.817073170731708,0.7682926829268293
2005-06,SEA,82,35,1.646341463414634,11.902439024390244,-0.7317073170731707,-3.024390243902439,0.4268292682926829
2005-06,TOR,82,27,1.5365853658536586,9.987804878048781,-2.1097560975609757,-2.9878048780487805,0.32926829268292684
2005-06,UTA,82,41,1.829268292682927,14.25609756097561,0.0975609756097561,-2.6341463414634148,0.5
2005-06,WAS,82,42,1.975609756097561,14.28048780487805,2.658536585365854,1.853658536585366,0.5121951219512195
2006-07,ATL,82,30,1.524390243902439,11.573170731707316,-0.3902439024390244,-4.7560975609756095,0.36585365853658536
2006-07,BOS,82,24,1.5731707317073171,9.963414634146341,-2.4390243902439024,-3.4146341463414633,0.2926829268292683
2006-07,CHA,82,33,1.4146341463414633,10.646341463414634,-2.926829268292683,-3.7439024390243905,0.4024390243902439
2006-07,CHI,82,49,1.5731707317073171,10.841463414634147,-1.2439024390243902,5.012195121951219,0.5975609756097561
2006-07,CLE,82,50,1.5121951219512195,10.158536585365853,0.18292682926829268,3.8292682926829267,0.6097560975609756
2006-07,DAL,82,67,1.6829268292682926,10.292682926829269,-0.7804878048780488,7.219512195121951,0.8170731707317073
2006-07,DEN,82,45,2.1097560975609757,12.682926829268293,3.097560975609756,1.6219512195121952,0.5487804878048781
2006-07,DET,82,53,1.646341463414634,9.71951219512195,0.5609756097560976,4.158536585365853,0.6463414634146342
2006-07,GSW,82,42,1.4146341463414633,9.536585365853659,-2.926829268292683,-0.34146341463414637,0.5121951219512195
2006-07,HOU,82,52,1.4268292682926829,8.621951219512194,-1.0121951219512195,4.853658536585366,0.6341463414634146
2006-07,IND,82,35,1.6219512195121952,11.768292682926829,-0.4146341463414634,-2.4390243902439024,0.4268292682926829
2006-07,LAC,82,40,1.829268292682927,12.341463414634147,1.4634146341463414,-0.4634146341463415,0.4878048780487805
2006-07,LAL,82,42,1.829268292682927,12.682926829268293,0.7804878048780488,-0.07317073170731707,0.5121951219512195
2006-07,MEM,82,22,1.9634146341463414,13.0,2.8048780487804876,-5.146341463414634,0.2682926829268293
2006-07,MIA,82,44,1.670731707317073,9.75609756097561,0.6951219512195121,-0.9146341463414634,0.5365853658536586
2006-07,MIL,82,28,1.3414634146341464,8.914634146341463,-2.073170731707317,-4.378048780487805,0.34146341463414637
2006-07,MIN,82,32,1.524390243902439,9.085365853658537,-0.4878048780487805,-3.6707317073170733,0.3902439024390244
2006-07,NJN,82,41,1.4634146341463414,11.158536585365853,-0.2804878048780488,-0.7682926829268293,0.5
2006-07,NOK,82,39,1.7804878048780488,9.378048780487806,1.7317073170731707,-1.5731707317073171,0.47560975609756095
2006-07,NYK,82,33,1.6951219512195121,11.353658536585366,0.25609756097560976,-2.8536585365853657,0.4024390243902439
2006-07,ORL,82,40,1.975609756097561,12.585365853658537,-0.06097560975609756,0.7804878048780488,0.4878048780487805
2006-07,PHI,82,35,1.7317073170731707,9.963414634146341,1.3048780487804879,-3.024390243902439,0.4268292682926829
2006-07,PHX,82,61,1.524390243902439,8.195121951219512,-0.6097560975609756,7.304878048780488,0.7439024390243902
2006-07,POR,82,32,1.548780487804878,10.975609756097562,-0.573170731707317,-4.2926829268292686,0.3902439024390244
2006-07,SAC,82,33,1.9634146341463414,13.512195121951219,2.731707317073171,-1.8048780487804879,0.4024390243902439
2006-07,SAS,82,58,1.7073170731707317,9.207317073170731,2.0365853658536586,8.426829268292684,0.7073170731707317
2006-07,SEA,82,31,1.5121951219512195,8.634146341463415,-1.4878048780487805,-2.8902439024390243,0.3780487804878049
2006-07,TOR,82,47,1.4390243902439024,9.670731707317072,0.6219512195121951,0.9878048780487805,0.573170731707317
2006-07,UTA,82,51,1.6219512195121952,13.060975609756097,-2.1341463414634148,2.8658536585365852,0.6219512195121951
2006-07,WAS,82,41,1.975609756097561,12.609756097560975,1.5731707317073171,-0.5121951219512195,0.5
2007-08,ATL,82,37,1.829268292682927,11.268292682926829,2.524390243902439,-1.8170731707317074,0.45121951219512196
2007-08,BOS,82,66,1.524390243902439,10.317073170731707,-0.6829268292682927,10.25609756097561,0.8048780487804879
2007-08,CHA,82,32,1.7439024390243902,10.317073170731707,0.17073170731707318,-4.378048780487805,0.3902439024390244
2007-08,CHI,82,33,1.4268292682926829,9.487804878048781,-1.5,-3.0853658536585367,0.4024390243902439
2007-08,CLE,82,45,1.5853658536585367,8.865853658536585,-0.6463414634146342,-0.35365853658536583,0.5487804878048781
2007-08,DAL,82,51,1.5975609756097562,9.951219512195122,-0.7560975609756098,4.536585365853658,0.6219512195121951
2007-08,DEN,82,50,2.073170731707317,13.475609756097562,4.182926829268292,3.707317073170732,0.6097560975609756
2007-08,DET,82,59,1.475609756097561,9.317073170731707,-0.32926829268292684,7.390243902439025,0.7195121951219512
2007-08,GSW,82,48,1.2195121951219512,9.353658536585366,-3.268292682926829,2.207317073170732,0.5853658536585366
2007-08,HOU,82,55,1.4390243902439024,8.036585365853659,-0.3902439024390244,4.682926829268292,0.6707317073170732
2007-08,IND,82,36,1.4024390243902438,9.902439024390244,-2.597560975609756,-1.4024390243902438,0.43902439024390244
2007-08,LAC,82,23,1.7560975609756098,11.158536585365853,1.2317073170731707,-7.2682926829268295,0.2804878048780488
2007-08,LAL,82,57,1.829268292682927,11.560975609756097,1.7926829268292683,7.2560975609756095,0.6951219512195121
2007-08,MEM,82,22,1.8170731707317074,10.792682926829269,2.9146341463414633,-6.2073170731707314,0.2682926829268293
2007-08,MIA,82,15,1.4878048780487805,8.890243902439025,-1.2560975609756098,-8.646341463414634,0.18292682926829268
2007-08,MIL,82,26,1.5,9.658536585365853,-0.6829268292682927,-6.890243902439025,0.3170731707317073
2007-08,MIN,82,22,0.8658536585365854,6.402439024390244,-5.853658536585366,-6.780487804878049,0.2682926829268293
2007-08,NJN,82,34,1.646341463414634,11.804878048780488,-0.35365853658536583,-5.060975609756097,0.4146341463414634
2007-08,NOH,82,56,1.5731707317073171,8.231707317073171,1.4268292682926829,5.280487804878049,0.6829268292682927
2007-08,NYK,82,23,1.4268292682926829,8.841463414634147,-1.3780487804878048,-6.609756097560975,0.2804878048780488
2007-08,ORL,82,52,2.0365853658536586,12.670731707317072,3.3902439024390243,5.463414634146342,0.6341463414634146
2007-08,PHI,82,40,1.6341463414634145,9.841463414634147,1.975609756097561,0.4146341463414634,0.4878048780487805
2007-08,PHX,82,55,1.7682926829268293,9.121951219512194,1.2317073170731707,5.048780487804878,0.6707317073170732
2007-08,POR,82,41,1.524390243902439,8.231707317073171,0.12195121951219512,-0.975609756097561,0.5
2007-08,SAC,82,38,1.8902439024390243,11.829268292682928,0.9024390243902439,-2.2560975609756095,0.4634146341463415
2007-08,SAS,82,56,1.4634146341463414,8.012195121951219,0.36585365853658536,4.7926829268292686,0.6829268292682927
2007-08,SEA,82,20,1.524390243902439,8.207317073170731,-0.7195121951219512,-8.75609756097561,0.24390243902439024
2007-08,TOR,82,41,1.4390243902439024,6.573170731707317,-0.6829268292682927,2.902439024390244,0.5
2007-08,UTA,82,54,1.5121951219512195,11.878048780487806,-1.6097560975609757,6.878048780487805,0.6585365853658537
2007-08,WAS,82,43,1.5853658536585367,9.25609756097561,0.47560975609756095,-0.32926829268292684,0.524390243902439
2008-09,ATL,82,47,1.646341463414634,9.695121951219512,1.1341463414634145,1.5731707317073171,0.573170731707317
2008-09,BOS,82,62,1.7560975609756098,10.560975609756097,0.06097560975609756,7.512195121951219,0.7560975609756098
2008-09,CHA,82,35,1.548780487804878,8.914634146341463,-0.4878048780487805,-1.2682926829268293,0.4268292682926829
2008-09,CHI,82,41,1.4268292682926829,9.524390243902438,-0.024390243902439025,-0.2804878048780488,0.5
2008-09,CLE,82,66,1.5,8.341463414634147,-0.7682926829268293,8.926829268292684,0.8048780487804879
2008-09,DAL,82,50,1.670731707317073,8.475609756097562,0.6829268292682927,1.975609756097561,0.6097560975609756
2008-09,DEN,82,54,2.1097560975609757,13.658536585365853,2.3780487804878048,3.4146341463414633,0.6585365853658537
2008-09,DET,82,39,1.4024390243902438,7.975609756097561,-1.3658536585365855,-0.4878048780487805,0.47560975609756095
2008-09,GSW,82,29,1.7439024390243902,12.5,0.8902439024390244,-3.7439024390243905,0.35365853658536583
2008-09,HOU,82,53,1.670731707317073,9.134146341463415,1.8658536585365855,4.0,0.6463414634146342
2008-09,IND,82,36,1.329268292682927,8.170731707317072,-3.7195121951219514,-1.1097560975609757,0.43902439024390244
2008-09,LAC,82,19,1.6829268292682926,8.268292682926829,-0.3048780487804878,-8.768292682926829,0.23170731707317074
2008-09,LAL,82,65,1.7073170731707317,11.341463414634147,1.5,7.658536585365853,0.7926829268292683
2008-09,MEM,82,24,1.646341463414634,10.317073170731707,0.04878048780487805,-5.463414634146342,0.2926829268292683
2008-09,MIA,82,43,1.353658536585366,8.048780487804878,-1.5609756097560976,0.25609756097560976,0.524390243902439
2008-09,MIL,82,34,1.2682926829268293,10.402439024390244,-3.768292682926829,-1.0853658536585367,0.4146341463414634
2008-09,MIN,82,24,1.524390243902439,8.829268292682928,-2.024390243902439,-4.914634146341464,0.2926829268292683
2008-09,NJN,82,34,1.4024390243902438,9.134146341463415,-2.817073170731707,-2.4390243902439024,0.4146341463414634
2008-09,NOH,82,49,1.7073170731707317,9.5,0.7560975609756098,1.548780487804878,0.5975609756097561
2008-09,NYK,82,32,1.4024390243902438,8.0,-1.2560975609756098,-2.6097560975609757,0.3902439024390244
2008-09,OKC,82,23,1.6097560975609757,8.865853658536585,0.5853658536585366,-6.097560975609756,0.2804878048780488
2008-09,ORL,82,59,1.9024390243902438,12.024390243902438,3.7560975609756095,6.695121951219512,0.7195121951219512
2008-09,PHI,82,41,1.646341463414634,10.939024390243903,2.8292682926829267,0.07317073170731707,0.5
2008-09,PHX,82,46,1.9024390243902438,11.890243902439025,2.7195121951219514,1.9268292682926829,0.5609756097560976
2008-09,POR,82,54,1.7317073170731707,9.78048780487805,1.4390243902439024,5.341463414634147,0.6585365853658537
2008-09,SAC,82,17,1.3902439024390243,9.487804878048781,-3.2560975609756095,-8.75609756097561,0.2073170731707317
2008-09,SAS,82,54,1.2926829268292683,7.060975609756097,-0.4024390243902439,3.7560975609756095,0.6585365853658537
2008-09,TOR,82,33,1.6951219512195121,8.682926829268293,0.6219512195121951,-2.817073170731707,0.4024390243902439
2008-09,UTA,82,48,1.9390243902439024,12.475609756097562,0.6219512195121951,2.6463414634146343,0.5853658536585366
2008-09,WAS,82,19,1.5731707317073171,9.170731707317072,-0.13414634146341464,-7.463414634146342,0.23170731707317074
2009-10,ATL,82,53,1.6097560975609757,8.195121951219512,-0.3170731707317073,4.658536585365853,0.6463414634146342
2009-10,BOS,82,50,1.7560975609756098,10.365853658536585,0.17073170731707318,3.658536585365854,0.6097560975609756
2009-10,CHA,82,44,1.9268292682926829,10.75609756097561,3.6341463414634148,1.4634146341463414,0.5365853658536586
2009-10,CHI,82,41,1.548780487804878,8.71951219512195,0.2073170731707317,-1.6341463414634145,0.5
2009-10,CLE,82,61,1.7560975609756098,9.963414634146341,2.3292682926829267,6.524390243902439,0.7439024390243902
2009-10,DAL,82,55,1.6341463414634145,8.560975609756097,1.0609756097560976,2.7195121951219514,0.6707317073170732
2009-10,DEN,82,53,2.048780487804878,13.609756097560975,2.7439024390243905,4.085365853658536,0.6463414634146342
2009-10,DET,82,27,1.5731707317073171,9.792682926829269,-1.7682926829268293,-5.109756097560975,0.32926829268292684
2009-10,GSW,82,26,1.3414634146341464,9.341463414634147,-2.9146341463414633,-3.597560975609756,0.3170731707317073
2009-10,HOU,82,42,1.6829268292682926,9.341463414634147,0.2804878048780488,-0.36585365853658536,0.5121951219512195
2009-10,IND,82,32,1.2195121951219512,8.597560975609756,-2.9390243902439024,-3.0121951219512195,0.3902439024390244
2009-10,LAC,82,29,1.4634146341463414,8.24390243902439,0.6219512195121951,-6.353658536585366,0.35365853658536583
2009-10,LAL,82,57,1.9634146341463414,9.560975609756097,1.7195121951219512,4.719512195121951,0.6951219512195121
2009-10,MEM,82,40,2.0365853658536586,11.634146341463415,3.3780487804878048,-1.5121951219512195,0.4878048780487805
2009-10,MIA,82,47,1.475609756097561,8.097560975609756,-1.1951219512195121,2.2804878048780486,0.573170731707317
2009-10,MIL,82,46,1.048780487804878,7.585365853658536,-3.7560975609756095,1.6951219512195121,0.5609756097560976
2009-10,MIN,82,15,1.6829268292682926,9.365853658536585,0.10975609756097561,-9.597560975609756,0.18292682926829268
2009-10,NJN,82,12,1.6341463414634145,8.804878048780488,0.34146341463414637,-9.121951219512194,0.14634146341463414
2009-10,NOH,82,37,1.4268292682926829,7.7682926829268295,-0.024390243902439025,-2.4634146341463414,0.45121951219512196
2009-10,NYK,82,29,1.353658536585366,6.597560975609756,-1.6951219512195121,-3.817073170731707,0.35365853658536583
2009-10,OKC,82,50,1.5853658536585367,9.78048780487805,0.573170731707317,3.4878048780487805,0.6097560975609756
2009-10,ORL,82,59,2.097560975609756,11.573170731707316,3.8658536585365852,7.487804878048781,0.7195121951219512
2009-10,PHI,82,27,1.2804878048780488,6.804878048780488,-2.597560975609756,-3.902439024390244,0.32926829268292684
2009-10,PHX,82,54,1.5731707317073171,9.841463414634147,0.024390243902439025,4.902439024390244,0.6585365853658537
2009-10,POR,82,50,1.6341463414634145,9.939024390243903,1.0,3.3048780487804876,0.6097560975609756
2009-10,SAC,82,25,1.4146341463414633,8.195121951219512,-2.426829268292683,-4.365853658536586,0.3048780487804878
2009-10,SAS,82,50,1.451219512195122,8.658536585365853,-0.14634146341463414,5.085365853658536,0.6097560975609756
2009-10,TOR,82,40,1.3414634146341464,9.987804878048781,-1.0121951219512195,-1.7804878048780488,0.4878048780487805
2009-10,UTA,82,53,1.6341463414634145,10.817073170731707,-0.7682926829268293,5.341463414634147,0.6463414634146342
2009-10,WAS,82,26,1.524390243902439,8.939024390243903,-0.5,-4.780487804878049,0.3170731707317073
2010-11,ATL,82,44,1.2317073170731707,7.353658536585366,0.24390243902439024,-0.8170731707317073,0.5365853658536586
2010-11,BOS,82,56,1.3414634146341464,7.963414634146342,0.07317073170731707,5.365853658536586,0.6829268292682927
2010-11,CHA,82,34,1.5975609756097562,9.036585365853659,1.5731707317073171,-4.0,0.4146341463414634
2010-11,CHI,82,62,1.5,7.939024390243903,0.4024390243902439,7.317073170731708,0.7560975609756098
2010-11,CLE,82,19,1.7439024390243902,9.024390243902438,1.1097560975609757,-9.012195121951219,0.23170731707317074
2010-11,DAL,82,57,1.6829268292682926,8.621951219512194,1.7926829268292683,4.2317073170731705,0.6951219512195121
2010-11,DEN,82,50,1.7926829268292683,10.987804878048781,2.1219512195121952,4.7560975609756095,0.6097560975609756
2010-11,DET,82,30,1.353658536585366,6.829268292682927,-1.3658536585365855,-3.597560975609756,0.36585365853658536
2010-11,GSW,82,36,1.024390243902439,6.475609756097561,-4.0,-2.3292682926829267,0.43902439024390244
2010-11,HOU,82,43,1.548780487804878,9.292682926829269,0.4268292682926829,2.182926829268293,0.524390243902439
2010-11,IND,82,37,1.5853658536585367,8.634146341463415,-0.6097560975609756,-1.0731707317073171,0.45121951219512196
2010-11,LAC,82,32,1.8048780487804879,10.012195121951219,1.4024390243902438,-3.1341463414634148,0.3902439024390244
2010-11,LAL,82,57,1.8414634146341464,9.073170731707316,2.7804878048780486,6.109756097560975,0.6951219512195121
2010-11,MEM,82,46,1.4390243902439024,8.975609756097562,-0.2804878048780488,2.341463414634146,0.5609756097560976
2010-11,MIA,82,58,1.7560975609756098,10.121951219512194,1.9146341463414633,7.463414634146342,0.7073170731707317
2010-11,MIL,82,35,1.3414634146341464,8.048780487804878,-0.4268292682926829,-0.8414634146341463,0.4268292682926829
2010-11,MIN,82,17,1.5609756097560976,8.670731707317072,-1.9024390243902438,-6.634146341463414,0.2073170731707317
2010-11,NJN,82,24,1.4024390243902438,7.865853658536586,-1.8780487804878048,-6.2439024390243905,0.2926829268292683
2010-11,NOH,82,46,1.5,8.5,0.2073170731707317,0.8902439024390244,0.5609756097560976
2010-11,NYK,82,42,1.5365853658536586,8.21951219512195,-0.975609756097561,0.7804878048780488,0.5121951219512195
2010-11,OKC,82,55,1.5731707317073171,10.304878048780488,0.5487804878048781,3.792682926829268,0.6707317073170732
2010-11,ORL,82,52,1.8658536585365855,10.597560975609756,2.5365853658536586,5.463414634146342,0.6341463414634146
2010-11,PHI,82,41,1.353658536585366,7.036585365853658,-1.329268292682927,1.5,0.5
2010-11,PHX,82,40,1.548780487804878,8.585365853658537,0.8048780487804879,-0.8902439024390244,0.4878048780487805
2010-11,POR,82,48,1.5,8.304878048780488,0.45121951219512196,1.524390243902439,0.5853658536585366
2010-11,SAC,82,24,1.4390243902439024,8.707317073170731,-0.7439024390243902,-5.341463414634147,0.2926829268292683
2010-11,SAS,82,61,1.5365853658536586,8.634146341463415,2.573170731707317,5.7073170731707314,0.7439024390243902
2010-11,TOR,82,22,1.2682926829268293,7.060975609756097,-2.9146341463414633,-6.280487804878049,0.2682926829268293
2010-11,UTA,82,39,1.6097560975609757,9.585365853658537,-1.7317073170731707,-1.829268292682927,0.47560975609756095
2010-11,WAS,82,23,1.4024390243902438,7.646341463414634,-2.8048780487804876,-7.402439024390244,0.2804878048780488
2011-12,ATL,66,40,1.6515151515151516,7.333333333333333,1.6818181818181819,3.4393939393939394,0.6060606060606061
2011-12,BOS,66,39,1.3181818181818181,6.015151515151516,-1.1515151515151516,2.515151515151515,0.5909090909090909
2011-12,CHA,66,7,1.4242424242424243,7.7727272727272725,0.7424242424242424,-13.909090909090908,0.10606060606060606
2011-12,CHI,66,50,1.3181818181818181,6.151515151515151,0.6060606060606061,8.181818181818182,0.7575757575757576
2011-12,CLE,66,21,1.606060606060606,8.636363636363637,1.3484848484848484,-7.196969696969697,0.3181818181818182
2011-12,DAL,66,36,1.2424242424242424,6.136363636363637,-0.9848484848484849,0.9545454545454546,0.5454545454545454
2011-12,DEN,66,38,1.7878787878787878,8.909090909090908,2.696969696969697,2.878787878787879,0.5757575757575758
2011-12,DET,66,25,1.5606060606060606,7.424242424242424,-0.12121212121212122,-4.787878787878788,0.3787878787878788
2011-12,GSW,66,23,0.8939393939393939,4.96969696969697,-4.757575757575758,-3.409090909090909,0.3484848484848485
2011-12,HOU,66,34,1.1515151515151516,6.196969696969697,-1.4696969696969697,0.22727272727272727,0.5151515151515151
2011-12,IND,66,42,1.6515151515151516,10.075757575757576,1.1515151515151516,3.303030303030303,0.6363636363636364
2011-12,LAC,66,40,1.6666666666666667,10.151515151515152,-0.09090909090909091,2.5606060606060606,0.6060606060606061
2011-12,LAL,66,41,1.9242424242424243,8.56060606060606,3.378787878787879,1.4242424242424243,0.6212121212121212
2011-12,MEM,66,41,1.3333333333333333,7.363636363636363,-0.5454545454545454,2.015151515151515,0.6212121212121212
2011-12,MIA,66,46,1.5454545454545454,7.651515151515151,0.16666666666666666,5.984848484848484,0.696969696969697
2011-12,MIL,66,31,1.0606060606060606,6.636363636363637,-2.090909090909091,0.2727272727272727,0.4696969696969697
2011-12,MIN,66,26,2.015151515151515,9.666666666666666,3.590909090909091,-2.196969696969697,0.3939393939393939
2011-12,NJN,66,22,1.196969696969697,7.303030303030303,0.10606060606060606,-5.984848484848484,0.3333333333333333
2011-12,NOH,66,21,1.2121212121212122,7.151515151515151,-0.6060606060606061,-3.757575757575758,0.3181818181818182
2011-12,NYK,66,36,1.5757575757575757,9.636363636363637,0.42424242424242425,3.196969696969697,0.5454545454545454
2011-12,OKC,66,47,1.696969696969697,8.424242424242424,0.6666666666666666,6.121212121212121,0.7121212121212122
2011-12,ORL,66,37,1.5454545454545454,7.757575757575758,2.3636363636363638,0.7878787878787878,0.5606060606060606
2011-12,PHI,66,35,1.121212121212121,5.181818181818182,-0.696969696969697,4.242424242424242,0.5303030303030303
2011-12,PHX,66,33,1.3636363636363635,6.575757575757576,0.4393939393939394,-0.24242424242424243,0.5
2011-12,POR,66,28,1.6363636363636365,7.242424242424242,0.5909090909090909,-0.6212121212121212,0.42424242424242425
2011-12,SAC,66,22,1.3333333333333333,7.606060606060606,0.25757575757575757,-5.681818181818182,0.3333333333333333
2011-12,SAS,66,50,1.4696969696969697,6.742424242424242,1.5909090909090908,7.166666666666667,0.7575757575757576
2011-12,TOR,66,23,1.121212121212121,6.454545454545454,-4.257575757575758,-3.303030303030303,0.3484848484848485
2011-12,UTA,66,36,1.393939393939394,8.303030303030303,-1.8484848484848484,0.6212121212121212,0.5454545454545454
2011-12,WAS,66,20,1.0909090909090908,5.909090909090909,-3.1818181818181817,-4.803030303030303,0.30303030303030304
2012-13,ATL,82,44,1.2560975609756098,5.7926829268292686,-0.17073170731707318,0.4024390243902439,0.5365853658536586
2012-13,BKN,82,49,1.7439024390243902,9.475609756097562,2.8902439024390243,1.7804878048780488,0.5975609756097561
2012-13,BOS,81,41,1.2345679012345678,6.2592592592592595,-2.1604938271604937,-0.2222222222222222,0.5061728395061729
2012-13,CHA,82,21,1.6951219512195121,8.74390243902439,1.548780487804878,-9.231707317073171,0.25609756097560976
2012-13,CHI,82,45,1.4878048780487805,7.975609756097561,0.024390243902439025,0.3170731707317073,0.5487804878048781
2012-13,CLE,82,24,1.1341463414634145,6.890243902439025,-2.1219512195121952,-4.682926829268292,0.2926829268292683
2012-13,DAL,82,41,1.3658536585365855,7.182926829268292,-1.7926829268292683,-0.5975609756097561,0.5
2012-13,DEN,82,57,1.7682926829268293,10.317073170731707,2.6341463414634148,5.085365853658536,0.6951219512195121
2012-13,DET,82,29,1.4268292682926829,7.695121951219512,0.10975609756097561,-3.9878048780487805,0.35365853658536583
2012-13,GSW,82,47,1.2560975609756098,7.402439024390244,-1.451219512195122,0.8902439024390244,0.573170731707317
2012-13,HOU,82,45,1.4268292682926829,7.682926829268292,-0.6829268292682927,3.475609756097561,0.5487804878048781
2012-13,IND,81,49,1.8271604938271604,9.765432098765432,2.506172839506173,4.0246913580246915,0.6049382716049383
2012-13,LAC,82,56,1.5975609756097562,9.548780487804878,0.8170731707317073,6.451219512195122,0.6829268292682927
2012-13,LAL,82,45,2.1707317073170733,12.658536585365853,6.719512195121951,1.1585365853658536,0.5487804878048781
2012-13,MEM,82,56,1.4268292682926829,7.890243902439025,-0.04878048780487805,4.146341463414634,0.6829268292682927
2012-13,MIA,82,66,1.5365853658536586,7.7073170731707314,1.0609756097560976,7.865853658536586,0.8048780487804879
2012-13,MIL,82,38,1.2195121951219512,6.0,-0.9390243902439024,-1.5,0.4634146341463415
2012-13,MIN,82,31,1.829268292682927,9.634146341463415,3.317073170731707,-2.3658536585365852,0.3780487804878049
2012-13,NOH,82,27,1.2317073170731707,6.121951219512195,-2.2804878048780486,-3.8658536585365852,0.32926829268292684
2012-13,NYK,82,54,1.2926829268292683,7.134146341463414,-1.0853658536585367,4.2317073170731705,0.6585365853658537
2012-13,OKC,82,60,1.7439024390243902,9.731707317073171,2.0609756097560976,9.207317073170731,0.7317073170731707
2012-13,ORL,82,20,1.0365853658536586,4.317073170731708,-3.658536585365854,-6.987804878048781,0.24390243902439024
2012-13,PHI,82,34,0.975609756097561,4.7560975609756095,-1.7560975609756098,-3.341463414634146,0.4146341463414634
2012-13,PHX,82,25,1.2073170731707317,5.7317073170731705,-2.402439024390244,-6.463414634146342,0.3048780487804878
2012-13,POR,82,33,1.353658536585366,6.829268292682927,0.10975609756097561,-3.1707317073170733,0.4024390243902439
2012-13,SAC,82,28,1.4390243902439024,8.597560975609756,-0.32926829268292684,-4.878048780487805,0.34146341463414637
2012-13,SAS,82,58,1.3658536585365855,6.573170731707317,0.9390243902439024,6.402439024390244,0.7073170731707317
2012-13,TOR,82,34,1.4024390243902438,7.695121951219512,-2.0609756097560976,-1.475609756097561,0.4146341463414634
2012-13,UTA,82,43,1.5,8.914634146341463,-0.524390243902439,-0.08536585365853659,0.524390243902439
2012-13,WAS,82,29,1.329268292682927,6.829268292682927,-1.2682926829268293,-2.5365853658536586,0.35365853658536583
2013-14,ATL,82,38,1.5,8.048780487804878,1.0609756097560976,-0.47560975609756095,0.4634146341463415
2013-14,BKN,82,44,1.5609756097560976,8.512195121951219,-1.4390243902439024,-1.0,0.5365853658536586
2013-14,BOS,82,25,1.170731707317073,6.512195121951219,-2.182926829268293,-4.463414634146342,0.3048780487804878
2013-14,CHA,82,43,1.6219512195121952,8.073170731707316,1.4390243902439024,-0.21951219512195122,0.524390243902439
2013-14,CHI,82,48,1.5853658536585367,8.390243902439025,2.182926829268293,1.853658536585366,0.5853658536585366
2013-14,CLE,82,33,1.475609756097561,7.829268292682927,-0.17073170731707318,-3.292682926829268,0.4024390243902439
2013-14,DAL,82,49,1.2195121951219512,7.524390243902439,-0.25609756097560976,2.402439024390244,0.5975609756097561
2013-14,DEN,82,36,1.475609756097561,9.902439024390244,-1.048780487804878,-2.1463414634146343,0.43902439024390244
2013-14,DET,82,29,1.6219512195121952,9.536585365853659,0.6951219512195121,-3.658536585365854,0.35365853658536583
2013-14,GSW,82,51,1.2439024390243902,6.7926829268292686,-2.3780487804878048,4.804878048780488,0.6219512195121951
2013-14,HOU,82,54,1.9634146341463414,13.292682926829269,5.219512195121951,4.560975609756097,0.6585365853658537
2013-14,IND,82,56,1.7560975609756098,9.158536585365853,2.0121951219512195,4.402439024390244,0.6829268292682927
2013-14,LAC,82,57,1.9878048780487805,13.073170731707316,3.451219512195122,6.975609756097561,0.6951219512195121
2013-14,LAL,82,27,1.4268292682926829,7.219512195121951,-0.6829268292682927,-6.2926829268292686,0.32926829268292684
2013-14,MEM,82,50,1.353658536585366,7.146341463414634,0.08536585365853659,1.5731707317073171,0.6097560975609756
2013-14,MIA,82,54,1.451219512195122,7.7073170731707314,-0.23170731707317074,4.7560975609756095,0.6585365853658537
2013-14,MIL,82,15,1.2682926829268293,7.2560975609756095,-0.7682926829268293,-8.182926829268293,0.18292682926829268
2013-14,MIN,82,40,2.207317073170732,11.634146341463415,4.7926829268292686,2.6707317073170733,0.4878048780487805
2013-14,NOP,82,34,1.3170731707317074,8.231707317073171,-2.9634146341463414,-2.707317073170732,0.4146341463414634
2013-14,NYK,82,37,1.2317073170731707,7.634146341463414,-2.475609756097561,-0.7926829268292683,0.45121951219512196
2013-14,OKC,82,59,1.4024390243902438,8.682926829268293,-1.5365853658536586,6.341463414634147,0.7195121951219512
2013-14,ORL,82,23,1.2073170731707317,6.536585365853658,-2.1463414634146343,-5.439024390243903,0.2804878048780488
2013-14,PHI,82,19,1.5365853658536586,9.182926829268293,-1.975609756097561,-10.451219512195122,0.23170731707317074
2013-14,PHX,82,48,1.3658536585365855,9.158536585365853,-0.2073170731707317,2.6341463414634148,0.5853658536585366
2013-14,POR,82,54,1.5,8.170731707317072,0.6463414634146342,3.9878048780487805,0.6585365853658537
2013-14,SAC,82,28,1.9146341463414633,12.036585365853659,1.3902439024390243,-2.902439024390244,0.34146341463414637
2013-14,SAS,82,62,1.4268292682926829,6.682926829268292,1.0853658536585367,7.719512195121951,0.7560975609756098
2013-14,TOR,82,48,1.3780487804878048,8.975609756097562,-1.829268292682927,3.2439024390243905,0.5853658536585366
2013-14,UTA,82,25,1.5121951219512195,8.536585365853659,-0.15853658536585366,-7.170731707317073,0.3048780487804878
2013-14,WAS,82,44,1.1951219512195121,6.963414634146342,-1.6097560975609757,1.2682926829268293,0.5365853658536586
2014-15,ATL,82,60,1.4024390243902438,7.951219512195122,1.8780487804878048,5.426829268292683,0.7317073170731707
2014-15,BKN,82,38,1.6341463414634145,8.353658536585366,1.6341463414634145,-2.8780487804878048,0.4634146341463415
2014-15,BOS,82,40,1.0731707317073171,6.317073170731708,-3.4146341463414633,0.15853658536585366,0.4878048780487805
2014-15,CHA,82,33,1.7317073170731707,9.060975609756097,2.841463414634146,-3.1707317073170733,0.4024390243902439
2014-15,CHI,82,50,1.8658536585365855,9.804878048780488,2.8536585365853657,3.0,0.6097560975609756
2014-15,CLE,82,53,1.670731707317073,8.817073170731707,2.1463414634146343,4.475609756097561,0.6463414634146342
2014-15,DAL,82,50,1.4634146341463414,8.073170731707316,0.8292682926829268,2.902439024390244,0.6097560975609756
2014-15,DEN,82,30,1.4024390243902438,8.268292682926829,-2.9146341463414633,-3.548780487804878,0.36585365853658536
2014-15,DET,82,32,1.4634146341463414,7.426829268292683,-0.08536585365853659,-1.0,0.3902439024390244
2014-15,GSW,82,67,1.3048780487804879,6.841463414634147,-0.6829268292682927,10.097560975609756,0.8170731707317073
2014-15,HOU,82,56,1.5,9.097560975609756,0.14634146341463414,3.4390243902439024,0.6829268292682927
2014-15,IND,82,38,1.4146341463414633,8.878048780487806,0.10975609756097561,0.2804878048780488,0.4634146341463415
2014-15,LAC,82,56,1.4390243902439024,11.036585365853659,1.0731707317073171,6.585365853658536,0.6829268292682927
2014-15,LAL,82,21,1.353658536585366,8.207317073170731,-1.5975609756097562,-6.841463414634147,0.25609756097560976
2014-15,MEM,82,55,1.6219512195121952,8.268292682926829,1.524390243902439,3.2439024390243905,0.6707317073170732
2014-15,MIA,82,37,1.3902439024390243,7.804878048780488,-0.8902439024390244,-2.597560975609756,0.45121951219512196
2014-15,MIL,82,41,1.1097560975609757,6.5,-1.9268292682926829,0.4268292682926829,0.5
2014-15,MIN,82,16,1.5609756097560976,9.182926829268293,2.292682926829268,-8.792682926829269,0.1951219512195122
2014-15,NOP,82,45,1.5,7.121951219512195,0.4634146341463415,0.7926829268292683,0.5487804878048781
2014-15,NYK,82,17,1.1585365853658536,6.865853658536586,-2.573170731707317,-9.317073170731707,0.2073170731707317
2014-15,OKC,82,45,1.3780487804878048,8.158536585365853,-1.5121951219512195,2.182926829268293,0.5487804878048781
2014-15,ORL,82,25,1.2073170731707317,6.097560975609756,-2.6097560975609757,-5.719512195121951,0.3048780487804878
2014-15,PHI,82,18,1.475609756097561,7.914634146341464,-1.5731707317073171,-8.975609756097562,0.21951219512195122
2014-15,PHX,82,39,1.2926829268292683,7.012195121951219,-1.6585365853658536,-0.9024390243902439,0.47560975609756095
2014-15,POR,82,51,1.3780487804878048,6.463414634146342,-0.43902439024390244,4.2317073170731705,0.6219512195121951
2014-15,SAC,82,29,1.9878048780487805,12.634146341463415,4.365853658536586,-3.707317073170732,0.35365853658536583
2014-15,SAS,82,55,1.3780487804878048,7.475609756097561,0.6829268292682927,6.195121951219512,0.6707317073170732
2014-15,TOR,82,49,1.3414634146341464,7.219512195121951,-0.6219512195121951,3.073170731707317,0.5975609756097561
2014-15,UTA,82,38,1.5731707317073171,8.353658536585366,0.9634146341463414,0.21951219512195122,0.4634146341463415
2014-15,WAS,82,46,1.353658536585366,6.670731707317073,-1.3048780487804879,0.7195121951219512,0.5609756097560976
2015-16,ATL,82,48,1.2073170731707317,5.7560975609756095,-1.6219512195121952,3.6097560975609757,0.5853658536585366
2015-16,BKN,82,21,1.3414634146341464,7.097560975609756,1.1585365853658536,-7.353658536585366,0.25609756097560976
2015-16,BOS,82,48,1.3902439024390243,8.463414634146341,-1.8048780487804879,3.207317073170732,0.5853658536585366
2015-16,CHA,82,48,1.7317073170731707,8.463414634146341,2.317073170731707,2.7195121951219514,0.5853658536585366
2015-16,CHI,82,42,1.4878048780487805,7.390243902439025,0.036585365853658534,-1.475609756097561,0.5121951219512195
2015-16,CLE,82,57,1.4268292682926829,8.439024390243903,0.6219512195121951,6.0,0.6951219512195121
2015-16,DAL,82,42,1.4634146341463414,7.487804878048781,-0.18292682926829268,-0.3048780487804878,0.5121951219512195
2015-16,DEN,82,33,1.4268292682926829,8.451219512195122,-0.43902439024390244,-3.097560975609756,0.4024390243902439
2015-16,DET,82,44,1.6097560975609757,10.390243902439025,3.7560975609756095,0.6097560975609756,0.5365853658536586
2015-16,GSW,82,73,1.451219512195122,8.609756097560975,-0.18292682926829268,10.75609756097561,0.8902439024390244
2015-16,HOU,82,41,1.5853658536585367,11.170731707317072,0.9390243902439024,0.1951219512195122,0.5
2015-16,IND,82,45,1.4268292682926829,8.060975609756097,0.5975609756097561,1.7073170731707317,0.5487804878048781
2015-16,LAC,82,53,1.6219512195121952,12.487804878048781,2.4146341463414633,4.280487804878049,0.6463414634146342
2015-16,LAL,82,17,1.3780487804878048,7.451219512195122,-1.2926829268292683,-9.560975609756097,0.2073170731707317
2015-16,MEM,82,42,1.5,9.463414634146341,-1.3170731707317074,-2.2439024390243905,0.5121951219512195
2015-16,MIA,82,48,1.5365853658536586,8.195121951219512,1.6951219512195121,1.646341463414634,0.5853658536585366
2015-16,MIL,82,33,1.353658536585366,7.158536585365853,-1.5121951219512195,-4.182926829268292,0.4024390243902439
2015-16,MIN,82,29,1.5365853658536586,10.28048780487805,2.0,-3.5365853658536586,0.35365853658536583
2015-16,NOP,82,30,1.4390243902439024,7.7073170731707314,-1.0731707317073171,-3.792682926829268,0.36585365853658536
2015-16,NYK,82,32,1.3414634146341464,6.817073170731708,-1.4390243902439024,-2.731707317073171,0.3902439024390244
2015-16,OKC,82,55,1.6341463414634145,8.24390243902439,-0.4146341463414634,7.280487804878049,0.6707317073170732
2015-16,ORL,82,35,1.1097560975609757,6.682926829268292,-2.207317073170732,-1.6219512195121952,0.4268292682926829
2015-16,PHI,82,10,1.2195121951219512,6.597560975609756,-3.1097560975609757,-10.231707317073171,0.12195121951219512
2015-16,PHX,82,23,1.4146341463414633,8.878048780487806,-2.2439024390243905,-6.658536585365853,0.2804878048780488
2015-16,POR,82,44,1.3414634146341464,8.036585365853659,-1.4024390243902438,0.8292682926829268,0.5365853658536586
2015-16,SAC,82,33,1.7804878048780488,9.951219512195122,1.829268292682927,-2.475609756097561,0.4024390243902439
2015-16,SAS,82,67,1.475609756097561,7.158536585365853,1.2195121951219512,10.634146341463415,0.8170731707317073
2015-16,TOR,82,56,1.7317073170731707,10.402439024390244,2.951219512195122,4.5,0.6829268292682927
2015-16,UTA,82,40,1.475609756097561,8.512195121951219,0.18292682926829268,1.7926829268292683,0.4878048780487805
2015-16,WAS,82,41,1.3780487804878048,7.658536585365853,-1.475609756097561,-0.5,0.5
2016-17,ATL,82,43,1.548780487804878,8.75609756097561,2.926829268292683,-0.8536585365853658,0.524390243902439
2016-17,BKN,82,20,1.353658536585366,8.0,-1.146341463414634,-6.7317073170731705,0.24390243902439024
2016-17,BOS,82,53,1.2317073170731707,8.024390243902438,-0.9512195121951219,2.6341463414634148,0.6463414634146342
2016-17,CHA,82,36,1.7804878048780488,7.2926829268292686,2.8048780487804876,0.1951219512195122,0.43902439024390244
2016-17,CHI,82,41,1.5731707317073171,6.963414634146342,0.8780487804878049,0.4268292682926829,0.5
2016-17,CLE,82,51,1.6585365853658536,8.304878048780488,2.3902439024390243,3.182926829268293,0.6219512195121951
2016-17,DAL,82,33,1.1829268292682926,5.524390243902439,-0.5609756097560976,-2.926829268292683,0.4024390243902439
2016-17,DEN,82,40,1.6829268292682926,9.048780487804878,2.182926829268293,0.5121951219512195,0.4878048780487805
2016-17,DET,82,37,1.2195121951219512,6.158536585365853,-0.21951219512195122,-1.1219512195121952,0.45121951219512196
2016-17,GSW,82,67,1.524390243902439,7.963414634146342,0.9024390243902439,11.634146341463415,0.8170731707317073
2016-17,HOU,82,55,1.4390243902439024,7.634146341463414,0.2073170731707317,5.7682926829268295,0.6707317073170732
2016-17,IND,82,42,1.2804878048780488,6.829268292682927,-1.353658536585366,-0.21951219512195122,0.5121951219512195
2016-17,LAC,82,51,1.6219512195121952,10.926829268292684,2.207317073170732,4.2926829268292686,0.6219512195121951
2016-17,LAL,82,26,1.2804878048780488,7.2073170731707314,-1.3170731707317074,-6.878048780487805,0.3170731707317073
2016-17,MEM,82,43,1.4878048780487805,9.048780487804878,-2.097560975609756,0.4878048780487805,0.524390243902439
2016-17,MIA,82,41,1.1097560975609757,6.304878048780488,-2.0365853658536586,1.0609756097560976,0.5
2016-17,MIL,82,42,1.2560975609756098,7.2073170731707314,-0.32926829268292684,-0.18292682926829268,0.5121951219512195
2016-17,MIN,82,31,1.7439024390243902,7.926829268292683,0.6341463414634146,-1.1097560975609757,0.3780487804878049
2016-17,NOP,82,34,1.5,6.560975609756097,0.18292682926829268,-2.097560975609756,0.4146341463414634
2016-17,NYK,82,31,1.1951219512195121,7.414634146341464,-1.2682926829268293,-3.6707317073170733,0.3780487804878049
2016-17,OKC,82,47,1.524390243902439,8.829268292682928,0.7804878048780488,0.7560975609756098,0.573170731707317
2016-17,ORL,82,29,1.3902439024390243,6.719512195121951,-0.3048780487804878,-6.573170731707317,0.35365853658536583
2016-17,PHI,82,28,1.329268292682927,7.060975609756097,-2.048780487804878,-5.695121951219512,0.34146341463414637
2016-17,PHX,82,24,1.4390243902439024,9.560975609756097,-2.451219512195122,-5.634146341463414,0.2926829268292683
2016-17,POR,82,41,1.329268292682927,8.060975609756097,-1.2073170731707317,-0.524390243902439,0.5
2016-17,SAC,82,32,1.4390243902439024,8.195121951219512,-0.5487804878048781,-3.8780487804878048,0.3902439024390244
2016-17,SAS,82,61,1.5,7.695121951219512,1.0609756097560976,7.195121951219512,0.7439024390243902
2016-17,TOR,82,51,1.475609756097561,8.231707317073171,-0.04878048780487805,4.2073170731707314,0.6219512195121951
2016-17,UTA,82,51,1.646341463414634,8.512195121951219,1.9634146341463414,3.9390243902439024,0.6219512195121951
2016-17,WAS,82,49,1.3902439024390243,7.597560975609756,-1.2317073170731707,1.8048780487804879,0.5975609756097561
2017-18,ATL,82,24,1.4390243902439024,7.439024390243903,0.25609756097560976,-5.451219512195122,0.2926829268292683
2017-18,BKN,82,28,1.3414634146341464,7.926829268292683,-0.9146341463414634,-3.7439024390243905,0.34146341463414637
2017-18,BOS,82,55,1.4146341463414633,7.2560975609756095,-0.2073170731707317,3.5853658536585367,0.6707317073170732
2017-18,CHA,82,36,2.0,10.329268292682928,4.7682926829268295,0.25609756097560976,0.43902439024390244
2017-18,CHI,82,27,1.3414634146341464,5.841463414634147,-1.3414634146341464,-7.036585365853658,0.32926829268292684
2017-18,CLE,82,50,1.829268292682927,9.036585365853659,2.8292682926829267,0.9390243902439024,0.6097560975609756
2017-18,DAL,82,24,1.2560975609756098,6.134146341463414,-1.2682926829268293,-3.0365853658536586,0.2926829268292683
2017-18,DEN,82,46,1.8048780487804879,8.292682926829269,1.7682926829268293,1.475609756097561,0.5609756097560976
2017-18,DET,82,39,1.3048780487804879,6.414634146341464,-0.17073170731707318,-0.14634146341463414,0.47560975609756095
2017-18,GSW,82,58,1.353658536585366,7.353658536585366,-0.08536585365853659,5.975609756097561,0.7073170731707317
2017-18,HOU,82,65,1.6829268292682926,9.5,1.9268292682926829,8.475609756097562,0.7926829268292683
2017-18,IND,82,48,1.2195121951219512,5.719512195121951,-0.9512195121951219,1.3780487804878048,0.5853658536585366
2017-18,LAC,82,42,1.8048780487804879,10.304878048780488,1.5365853658536586,0.036585365853658534,0.5121951219512195
2017-18,LAL,82,35,1.6219512195121952,8.402439024390244,0.6341463414634146,-1.548780487804878,0.4268292682926829
2017-18,MEM,82,22,1.1341463414634145,7.7317073170731705,-4.390243902439025,-6.2073170731707314,0.2682926829268293
2017-18,MIA,82,44,1.3170731707317074,7.060975609756097,-0.4268292682926829,0.47560975609756095,0.5365853658536586
2017-18,MIL,82,44,1.5975609756097562,8.817073170731707,-0.9146341463414634,-0.3048780487804878,0.5365853658536586
2017-18,MIN,82,47,1.7682926829268293,8.365853658536585,2.0365853658536586,2.231707317073171,0.573170731707317
2017-18,NOP,82,48,1.524390243902439,8.073170731707316,0.7682926829268293,1.3048780487804879,0.5853658536585366
2017-18,NYK,82,29,1.2195121951219512,6.951219512195122,-1.9634146341463414,-3.5609756097560976,0.35365853658536583
2017-18,OKC,82,48,1.9146341463414633,9.146341463414634,1.475609756097561,3.4146341463414633,0.5853658536585366
2017-18,ORL,82,25,1.4146341463414633,6.963414634146342,0.2073170731707317,-4.817073170731708,0.3048780487804878
2017-18,PHI,82,52,1.3780487804878048,9.560975609756097,-0.8170731707317073,4.5,0.6341463414634146
2017-18,PHX,82,21,1.3414634146341464,9.28048780487805,-0.8414634146341463,-9.365853658536585,0.25609756097560976
2017-18,POR,82,49,1.329268292682927,7.195121951219512,-0.5609756097560976,2.597560975609756,0.5975609756097561
2017-18,SAC,82,27,1.0731707317073171,5.2073170731707314,-2.658536585365854,-6.987804878048781,0.32926829268292684
2017-18,SAS,82,47,1.4390243902439024,8.036585365853659,2.0,2.8902439024390243,0.573170731707317
2017-18,TOR,82,59,1.2682926829268293,7.451219512195122,-2.158536585365854,7.780487804878049,0.7195121951219512
2017-18,UTA,82,48,1.6219512195121952,8.71951219512195,1.4146341463414633,4.304878048780488,0.5853658536585366
2017-18,WAS,82,43,1.3902439024390243,7.7926829268292686,-1.951219512195122,0.5853658536585366,0.524390243902439
2018-19,ATL,82,29,1.670731707317073,10.109756097560975,-2.6097560975609757,-6.024390243902439,0.35365853658536583
2018-19,BKN,82,42,1.7073170731707317,10.817073170731707,1.4390243902439024,-0.07317073170731707,0.5121951219512195
2018-19,BOS,82,49,1.4268292682926829,7.829268292682927,-0.8292682926829268,4.439024390243903,0.5975609756097561
2018-19,CHA,82,39,1.5853658536585367,8.865853658536585,1.7317073170731707,-1.0975609756097562,0.47560975609756095
2018-19,CHI,82,22,1.3780487804878048,7.2439024390243905,-1.475609756097561,-8.414634146341463,0.2682926829268293
2018-19,CLE,82,19,1.2926829268292683,7.829268292682927,-0.573170731707317,-9.609756097560975,0.23170731707317074
2018-19,DAL,82,33,2.048780487804878,11.78048780487805,3.231707317073171,-1.2804878048780488,0.4024390243902439
2018-19,DEN,82,54,1.6585365853658536,8.987804878048781,0.21951219512195122,3.951219512195122,0.6585365853658537
2018-19,DET,82,41,1.6219512195121952,9.548780487804878,-0.4146341463414634,-0.24390243902439024,0.5
2018-19,GSW,82,57,1.3658536585365855,7.975609756097561,-1.3414634146341464,6.463414634146342,0.6951219512195121
2018-19,HOU,82,53,1.2439024390243902,8.841463414634147,-2.0609756097560976,4.7682926829268295,0.6463414634146342
2018-19,IND,82,48,1.4878048780487805,8.012195121951219,0.5121951219512195,3.3292682926829267,0.5853658536585366
2018-19,LAC,82,48,1.7317073170731707,13.439024390243903,0.4878048780487805,0.8536585365853658,0.5853658536585366
2018-19,LAL,82,37,1.7195121951219512,9.085365853658537,-0.07317073170731707,-1.7195121951219512,0.45121951219512196
2018-19,MEM,82,33,1.5975609756097562,9.902439024390244,-0.6585365853658537,-2.597560975609756,0.4024390243902439
2018-19,MIA,82,39,1.5731707317073171,8.926829268292684,-0.012195121951219513,-0.23170731707317074,0.47560975609756095
2018-19,MIL,82,60,1.670731707317073,8.036585365853659,0.2804878048780488,8.865853658536585,0.7317073170731707
2018-19,MIN,82,36,1.829268292682927,10.182926829268293,2.1341463414634148,-1.5,0.43902439024390244
2018-19,NOP,82,33,1.6341463414634145,9.865853658536585,-0.12195121951219512,-1.329268292682927,0.4024390243902439
2018-19,NYK,82,17,1.5121951219512195,9.292682926829269,-0.3902439024390244,-9.207317073170731,0.2073170731707317
2018-19,OKC,82,49,1.6097560975609757,10.451219512195122,-0.9024390243902439,3.402439024390244,0.5975609756097561
2018-19,ORL,82,42,1.2682926829268293,6.670731707317073,-0.5609756097560976,0.7073170731707317,0.5121951219512195
2018-19,PHI,82,51,1.9024390243902438,12.304878048780488,2.7804878048780486,2.6951219512195124,0.6219512195121951
2018-19,PHX,82,19,1.3902439024390243,9.085365853658537,-3.6097560975609757,-9.341463414634147,0.23170731707317074
2018-19,POR,82,53,1.7073170731707317,9.573170731707316,1.048780487804878,4.195121951219512,0.6463414634146342
2018-19,SAC,82,39,1.548780487804878,9.634146341463415,-1.024390243902439,-1.1219512195121952,0.47560975609756095
2018-19,SAS,82,48,1.5365853658536586,7.621951219512195,1.3780487804878048,1.6829268292682926,0.5853658536585366
2018-19,TOR,82,58,1.524390243902439,8.670731707317072,-0.5365853658536586,6.085365853658536,0.7073170731707317
2018-19,UTA,82,50,1.8170731707317074,11.536585365853659,2.0609756097560976,5.2560975609756095,0.6097560975609756
2018-19,WAS,82,32,1.646341463414634,9.195121951219512,-0.10975609756097561,-2.902439024390244,0.3902439024390244
2019-20,ATL,67,20,1.4776119402985075,8.955223880597014,-2.91044776119403,-7.970149253731344,0.29850746268656714
2019-20,BKN,72,35,1.75,10.027777777777779,1.875,-0.5694444444444444,0.4861111111111111
2019-20,BOS,72,48,1.625,8.583333333333334,-1.8055555555555556,6.305555555555555,0.6666666666666666
2019-20,CHA,65,23,1.6,8.76923076923077,2.1384615384615384,-6.753846153846154,0.35384615384615387
2019-20,CHI,65,22,1.2,6.953846153846154,-4.030769230769231,-3.076923076923077,0.3384615384615385
2019-20,CLE,65,19,1.5538461538461539,7.876923076923077,1.1692307692307693,-7.892307692307693,0.2923076923076923
2019-20,DAL,75,43,1.8533333333333333,10.0,2.3333333333333335,4.946666666666666,0.5733333333333334
2019-20,DEN,73,46,1.5890410958904109,8.753424657534246,-0.0684931506849315,2.1095890410958904,0.6301369863013698
2019-20,DET,66,20,1.6363636363636365,8.090909090909092,0.2727272727272727,-3.5606060606060606,0.30303030303030304
2019-20,GSW,65,15,1.4923076923076923,8.569230769230769,0.46153846153846156,-8.707692307692307,0.23076923076923078
2019-20,HOU,72,44,1.4166666666666667,9.402777777777779,-0.2777777777777778,2.9583333333333335,0.6111111111111112
2019-20,IND,73,45,1.2876712328767124,6.342465753424658,-1.547945205479452,1.9589041095890412,0.6164383561643836
2019-20,LAC,72,49,1.7916666666666667,11.027777777777779,0.2361111111111111,6.444444444444445,0.6805555555555556
2019-20,LAL,71,52,1.647887323943662,10.211267605633802,1.1971830985915493,5.788732394366197,0.7323943661971831
2019-20,MEM,73,34,1.5205479452054795,8.342465753424657,-1.3972602739726028,-1.0684931506849316,0.4657534246575342
2019-20,MIA,73,44,1.7534246575342465,10.986301369863014,1.8493150684931507,2.9452054794520546,0.6027397260273972
2019-20,MIL,73,56,1.917808219178082,9.821917808219178,2.863013698630137,10.082191780821917,0.7671232876712328
2019-20,MIN,64,19,1.625,10.03125,-0.25,-4.296875,0.296875
2019-20,NOP,72,30,1.6111111111111112,9.333333333333334,-0.1388888888888889,-1.2916666666666667,0.4166666666666667
2019-20,NYK,66,21,1.5606060606060606,8.833333333333334,-1.5606060606060606,-6.454545454545454,0.3181818181818182
2019-20,OKC,72,44,2.0277777777777777,11.416666666666666,4.180555555555555,1.9861111111111112,0.6111111111111112
2019-20,ORL,73,33,1.5753424657534247,8.150684931506849,1.4246575342465753,-1.0136986301369864,0.4520547945205479
2019-20,PHI,73,43,1.5616438356164384,9.36986301369863,-0.2054794520547945,2.3835616438356166,0.589041095890411
2019-20,PHX,73,34,1.5616438356164384,10.219178082191782,-0.136986301369863,0.2191780821917808,0.4657534246575342
2019-20,POR,74,35,1.5135135135135136,9.14864864864865,-1.054054054054054,-1.1486486486486487,0.47297297297297297
2019-20,SAC,72,31,1.0277777777777777,7.208333333333333,-3.638888888888889,-2.0416666666666665,0.4305555555555556
2019-20,SAS,71,32,1.5352112676056338,8.126760563380282,0.4507042253521127,-1.1126760563380282,0.4507042253521127
2019-20,TOR,72,53,1.4444444444444444,8.86111111111111,-0.9305555555555556,6.236111111111111,0.7361111111111112
2019-20,UTA,72,44,1.6527777777777777,9.625,0.9861111111111112,2.4722222222222223,0.6111111111111112
2019-20,WAS,72,25,1.4722222222222223,9.805555555555555,-1.9305555555555556,-4.666666666666667,0.3472222222222222
2020-21,ATL,72,41,1.7083333333333333,9.680555555555555,2.1805555555555554,2.3194444444444446,0.5694444444444444
2020-21,BKN,72,48,1.4027777777777777,7.763888888888889,0.041666666666666664,4.5,0.6666666666666666
2020-21,BOS,72,36,1.25,7.638888888888889,-1.9722222222222223,1.4583333333333333,0.5
2020-21,CHA,72,33,1.5694444444444444,7.291666666666667,1.4722222222222223,-1.9305555555555556,0.4583333333333333
2020-21,CHI,72,31,1.1527777777777777,5.944444444444445,-1.7222222222222223,-0.8888888888888888,0.4305555555555556
2020-21,CLE,72,22,1.5694444444444444,8.166666666666666,1.4166666666666667,-8.444444444444445,0.3055555555555556
2020-21,DAL,72,42,1.5277777777777777,7.611111111111111,-0.6805555555555556,2.263888888888889,0.5833333333333334
2020-21,DEN,72,47,1.4583333333333333,7.944444444444445,0.027777777777777776,4.930555555555555,0.6527777777777778
2020-21,DET,72,20,1.4861111111111112,8.472222222222221,-0.4583333333333333,-4.472222222222222,0.2777777777777778
2020-21,GSW,72,39,1.2777777777777777,7.416666666666667,-2.375,1.0555555555555556,0.5416666666666666
2020-21,HOU,72,17,1.2222222222222223,6.902777777777778,-1.3194444444444444,-7.902777777777778,0.2361111111111111
2020-21,IND,72,34,1.2638888888888888,6.763888888888889,-2.5833333333333335,-0.041666666666666664,0.4722222222222222
2020-21,LAC,72,47,1.25,6.5,-1.5416666666666667,6.180555555555555,0.6527777777777778
2020-21,LAL,72,42,1.625,7.888888888888889,1.0416666666666667,2.7916666666666665,0.5833333333333334
2020-21,MEM,72,38,1.4027777777777777,6.944444444444445,-0.25,1.0277777777777777,0.5277777777777778
2020-21,MIA,72,40,1.4861111111111112,8.041666666666666,1.1666666666666667,0.027777777777777776,0.5555555555555556
2020-21,MIL,72,46,1.5,7.027777777777778,1.7083333333333333,5.888888888888889,0.6388888888888888
2020-21,MIN,72,23,1.4166666666666667,7.958333333333333,-1.2916666666666667,-5.555555555555555,0.3194444444444444
2020-21,NOP,72,31,2.0416666666666665,10.125,3.736111111111111,-0.2916666666666667,0.4305555555555556
2020-21,NYK,72,41,1.3055555555555556,7.083333333333333,-1.4305555555555556,2.3055555555555554,0.5694444444444444
2020-21,OKC,72,22,1.5,6.777777777777778,0.7638888888888888,-10.63888888888889,0.3055555555555556
2020-21,ORL,72,21,1.4861111111111112,7.111111111111111,1.2222222222222223,-9.305555555555555,0.2916666666666667
2020-21,PHI,72,49,1.8055555555555556,10.375,2.1666666666666665,5.583333333333333,0.6805555555555556
2020-21,PHX,72,51,1.25,6.222222222222222,-0.9861111111111112,5.819444444444445,0.7083333333333334
2020-21,POR,72,42,1.7361111111111112,8.069444444444445,0.9027777777777778,1.7916666666666667,0.5833333333333334
2020-21,SAC,72,31,1.3888888888888888,7.236111111111111,-1.0833333333333333,-3.6805555555555554,0.4305555555555556
2020-21,SAS,72,33,1.4444444444444444,7.333333333333333,0.5694444444444444,-1.7361111111111112,0.4583333333333333
2020-21,TOR,72,27,1.3194444444444444,7.666666666666667,-2.263888888888889,-0.4722222222222222,0.375
2020-21,UTA,72,52,1.5555555555555556,8.48611111111111,1.8888888888888888,9.25,0.7222222222222222
2020-21,WAS,72,34,1.4166666666666667,9.277777777777779,-0.3472222222222222,-1.8333333333333333,0.4722222222222222
2021-22,ATL,82,43,1.8170731707317074,9.146341463414634,1.7804878048780488,1.5609756097560976,0.524390243902439
2021-22,BKN,82,44,1.5121951219512195,8.158536585365853,-0.6829268292682927,0.7804878048780488,0.5365853658536586
2021-22,BOS,82,51,1.4878048780487805,7.585365853658536,0.6097560975609756,7.280487804878049,0.6219512195121951
2021-22,CHA,82,43,1.4146341463414633,7.146341463414634,-1.8658536585365855,0.43902439024390244,0.524390243902439
2021-22,CHI,82,46,1.4390243902439024,7.2926829268292686,-0.2926829268292683,-0.3902439024390244,0.5609756097560976
2021-22,CLE,82,44,1.6219512195121952,8.207317073170731,1.975609756097561,2.1219512195121952,0.5365853658536586
2021-22,DAL,82,52,1.7317073170731707,8.231707317073171,0.8048780487804879,3.3048780487804876,0.6341463414634146
2021-22,DEN,82,48,1.6829268292682926,7.890243902439025,-0.3048780487804878,2.3048780487804876,0.5853658536585366
2021-22,DET,82,23,1.2926829268292683,7.536585365853658,-3.048780487804878,-7.719512195121951,0.2804878048780488
2021-22,GSW,82,53,1.2317073170731707,6.939024390243903,-1.7682926829268293,5.536585365853658,0.6463414634146342
2021-22,HOU,82,20,1.7073170731707317,9.731707317073171,0.6463414634146342,-8.475609756097562,0.24390243902439024
2021-22,IND,82,25,1.475609756097561,7.658536585365853,-0.9878048780487805,-3.475609756097561,0.3048780487804878
2021-22,LAC,82,42,1.353658536585366,6.914634146341464,0.10975609756097561,0.024390243902439025,0.5121951219512195
2021-22,LAL,82,33,1.5121951219512195,8.341463414634147,-0.2926829268292683,-3.048780487804878,0.4024390243902439
2021-22,MEM,82,56,1.6829268292682926,8.390243902439025,0.7926829268292683,5.682926829268292,0.6829268292682927
2021-22,MIA,82,53,1.524390243902439,8.048780487804878,-0.4634146341463415,4.451219512195122,0.6463414634146342
2021-22,MIL,82,51,1.7926829268292683,8.731707317073171,2.0121951219512195,3.3536585365853657,0.6219512195121951
2021-22,MIN,82,46,1.3658536585365855,9.024390243902438,-1.1585365853658536,2.6341463414634148,0.5609756097560976
2021-22,NOP,82,36,1.7195121951219512,8.878048780487806,1.2073170731707317,-0.9878048780487805,0.43902439024390244
2021-22,NYK,82,37,1.6219512195121952,9.402439024390244,0.5853658536585366,-0.12195121951219512,0.45121951219512196
2021-22,OKC,82,24,1.2926829268292683,6.073170731707317,-0.2682926829268293,-8.097560975609756,0.2926829268292683
2021-22,ORL,82,22,1.2560975609756098,6.2560975609756095,-2.1707317073170733,-8.0,0.2682926829268293
2021-22,PHI,82,51,1.6585365853658536,8.402439024390244,0.6585365853658537,2.6097560975609757,0.6219512195121951
2021-22,PHX,82,64,1.3902439024390243,7.841463414634147,-0.43902439024390244,7.5,0.7804878048780488
2021-22,POR,82,27,1.329268292682927,8.024390243902438,-2.0365853658536586,-8.878048780487806,0.32926829268292684
2021-22,SAC,82,30,1.6341463414634145,8.78048780487805,1.7195121951219512,-5.463414634146342,0.36585365853658536
2021-22,SAS,82,34,1.5,6.780487804878049,0.2804878048780488,0.12195121951219512,0.4146341463414634
2021-22,TOR,82,48,1.4268292682926829,7.317073170731708,-0.5,2.292682926829268,0.5853658536585366
2021-22,UTA,82,49,1.8170731707317074,9.670731707317072,2.573170731707317,6.036585365853658,0.5975609756097561
2021-22,WAS,82,35,1.5121951219512195,7.975609756097561,0.524390243902439,-3.3780487804878048,0.4268292682926829
2022-23,ATL,82,41,1.524390243902439,7.353658536585366,0.04878048780487805,0.2926829268292683,0.5
2022-23,BKN,82,45,1.2439024390243902,7.646341463414634,-1.853658536585366,0.8536585365853658,0.5487804878048781
2022-23,BOS,82,57,1.5121951219512195,6.926829268292683,0.47560975609756095,6.524390243902439,0.6951219512195121
2022-23,CHA,82,27,1.646341463414634,7.780487804878049,-0.975609756097561,-6.2439024390243905,0.32926829268292684
2022-23,CHI,82,40,1.451219512195122,6.353658536585366,-0.926829268292683,1.2926829268292683,0.4878048780487805
2022-23,CLE,82,51,1.646341463414634,8.121951219512194,0.5121951219512195,5.378048780487805,0.6219512195121951
2022-23,DAL,82,38,1.7073170731707317,9.5,0.524390243902439,0.07317073170731707,0.4634146341463415
2022-23,DEN,82,53,1.5731707317073171,7.939024390243903,0.9878048780487805,3.3292682926829267,0.6463414634146342
2022-23,DET,82,17,1.5121951219512195,9.71951219512195,-1.170731707317073,-8.21951219512195,0.2073170731707317
2022-23,GSW,82,44,1.1585365853658536,6.402439024390244,-3.3780487804878048,1.8048780487804879,0.5365853658536586
2022-23,HOU,82,22,1.6829268292682926,9.268292682926829,0.7073170731707317,-7.853658536585366,0.2682926829268293
2022-23,IND,82,35,1.4268292682926829,8.670731707317072,-0.7073170731707317,-3.182926829268293,0.4268292682926829
2022-23,LAC,82,44,1.5609756097560976,8.5,1.1951219512195121,0.5,0.5365853658536586
2022-23,LAL,82,43,1.8780487804878048,10.0,3.9634146341463414,0.573170731707317,0.524390243902439
2022-23,MEM,82,51,1.475609756097561,8.609756097560975,0.5121951219512195,3.9390243902439024,0.6219512195121951
2022-23,MIA,82,44,1.6951219512195121,7.634146341463414,0.7804878048780488,-0.3170731707317073,0.5365853658536586
2022-23,MIL,82,58,1.646341463414634,8.024390243902438,1.975609756097561,3.6341463414634148,0.7073170731707317
2022-23,MIN,82,42,1.4146341463414633,8.060975609756097,-2.4390243902439024,-0.036585365853658534,0.5121951219512195
2022-23,NOP,82,42,1.7439024390243902,8.841463414634147,0.9024390243902439,1.8902439024390243,0.5121951219512195
2022-23,NYK,82,47,1.5975609756097562,8.573170731707316,-0.6097560975609756,2.926829268292683,0.573170731707317
2022-23,OKC,82,40,1.2682926829268293,6.890243902439025,-3.0,1.0853658536585367,0.4878048780487805
2022-23,ORL,82,34,1.853658536585366,9.073170731707316,0.975609756097561,-2.5609756097560976,0.4146341463414634
2022-23,PHI,82,54,1.5731707317073171,8.231707317073171,0.07317073170731707,4.317073170731708,0.6585365853658537
2022-23,PHX,82,45,1.4634146341463414,8.402439024390244,-1.5,2.073170731707317,0.5487804878048781
2022-23,POR,82,33,1.670731707317073,9.451219512195122,0.975609756097561,-4.012195121951219,0.4024390243902439
2022-23,SAC,82,48,1.548780487804878,8.426829268292684,0.7439024390243902,2.6463414634146343,0.5853658536585366
2022-23,SAS,82,22,1.2926829268292683,6.487804878048781,-1.4146341463414633,-10.036585365853659,0.2682926829268293
2022-23,TOR,82,41,1.5731707317073171,8.512195121951219,0.35365853658536583,1.475609756097561,0.5
2022-23,UTA,82,37,1.5,9.317073170731707,1.0365853658536586,-0.9390243902439024,0.45121951219512196
2022-23,WAS,82,35,1.5975609756097562,7.804878048780488,1.2317073170731707,-1.2073170731707317,0.4268292682926829
2023-24,ATL,82,36,1.4268292682926829,7.378048780487805,0.21951219512195122,-2.182926829268293,0.43902439024390244
2023-24,BKN,82,32,1.4024390243902438,7.134146341463414,0.34146341463414637,-2.8902439024390243,0.3902439024390244
2023-24,BOS,82,64,1.4634146341463414,6.158536585365853,1.9024390243902438,11.341463414634147,0.7804878048780488
2023-24,CHA,82,21,1.2195121951219512,5.365853658536586,-1.1097560975609757,-10.24390243902439,0.25609756097560976
2023-24,CHI,82,39,1.3902439024390243,7.085365853658536,-0.21951219512195122,-1.4390243902439024,0.47560975609756095
2023-24,CLE,82,48,1.5,6.975609756097561,0.5609756097560976,2.4146341463414633,0.5853658536585366
2023-24,DAL,82,50,1.6341463414634145,8.048780487804878,1.4390243902439024,2.207317073170732,0.6097560975609756
2023-24,DEN,82,57,1.2682926829268293,7.121951219512195,0.25609756097560976,5.2560975609756095,0.6951219512195121
2023-24,DET,82,14,1.1219512195121952,6.2317073170731705,-2.951219512195122,-9.109756097560975,0.17073170731707318
2023-24,GSW,82,46,1.1829268292682926,5.585365853658536,-2.097560975609756,2.6097560975609757,0.5609756097560976
2023-24,HOU,82,41,1.4878048780487805,8.341463414634147,-1.146341463414634,1.1219512195121952,0.5
2023-24,IND,82,47,1.2195121951219512,6.182926829268292,-3.902439024390244,3.048780487804878,0.573170731707317
2023-24,LAC,82,51,1.2804878048780488,7.475609756097561,0.524390243902439,3.2804878048780486,0.6219512195121951
2023-24,LAL,82,47,2.0,8.536585365853659,4.878048780487805,0.5975609756097561,0.573170731707317
2023-24,MEM,82,27,1.2560975609756098,7.121951219512195,-0.23170731707317074,-7.0,0.32926829268292684
2023-24,MIA,82,46,1.6219512195121952,7.329268292682927,1.7560975609756098,1.7560975609756098,0.5609756097560976
2023-24,MIL,82,49,1.4634146341463414,8.792682926829269,0.9024390243902439,2.6219512195121952,0.5975609756097561
2023-24,MIN,82,56,1.6951219512195121,8.792682926829269,1.5731707317073171,6.451219512195122,0.6829268292682927
2023-24,NOP,82,49,1.5121951219512195,7.402439024390244,0.8780487804878049,4.414634146341464,0.5975609756097561
2023-24,NYK,82,50,1.4390243902439024,6.695121951219512,0.6585365853658537,4.585365853658536,0.6097560975609756
2023-24,OKC,82,57,1.4024390243902438,6.951219512195122,-0.5853658536585366,7.414634146341464,0.6951219512195121
2023-24,ORL,82,47,1.6219512195121952,8.707317073170731,1.2195121951219512,2.024390243902439,0.573170731707317
2023-24,PHI,82,47,1.2439024390243902,7.402439024390244,-1.2317073170731707,3.048780487804878,0.573170731707317
2023-24,PHX,82,49,1.8048780487804879,8.573170731707316,2.3048780487804876,3.0609756097560976,0.5975609756097561
2023-24,POR,82,21,1.146341463414634,5.829268292682927,-2.926829268292683,-9.024390243902438,0.25609756097560976
2023-24,SAC,82,46,1.2926829268292683,6.536585365853658,-1.9146341463414633,1.7439024390243902,0.5609756097560976
2023-24,SAS,82,22,1.4268292682926829,6.329268292682927,0.32926829268292684,-6.487804878048781,0.2682926829268293
2023-24,TOR,82,25,1.3048780487804879,6.658536585365853,0.012195121951219513,-6.439024390243903,0.3048780487804878
2023-24,UTA,82,31,1.4390243902439024,8.085365853658537,1.0975609756097562,-4.890243902439025,0.3780487804878049
2023-24,WAS,82,15,1.2195121951219512,6.195121951219512,-2.5365853658536586,-9.292682926829269,0.18292682926829268
2024-25,ATL,82,40,1.4268292682926829,8.073170731707316,0.4634146341463415,-1.1341463414634145,0.4878048780487805
2024-25,BKN,82,26,1.329268292682927,7.2926829268292686,-1.7804878048780488,-7.109756097560975,0.3170731707317073
2024-25,BOS,82,61,1.548780487804878,6.634146341463414,2.3780487804878048,9.109756097560975,0.7439024390243902
2024-25,CHA,82,19,1.3414634146341464,6.2926829268292686,-1.2317073170731707,-9.109756097560975,0.23170731707317074
2024-25,CHI,82,39,1.2804878048780488,5.926829268292683,-0.32926829268292684,-1.5609756097560976,0.47560975609756095
2024-25,CLE,82,64,1.5121951219512195,7.609756097560975,0.6341463414634146,9.536585365853659,0.7804878048780488
2024-25,DAL,82,39,1.5609756097560976,7.560975609756097,1.3658536585365855,-1.1951219512195121,0.47560975609756095
2024-25,DEN,82,50,1.7073170731707317,8.292682926829269,2.6219512195121952,3.8902439024390243,0.6097560975609756
2024-25,DET,82,44,1.2439024390243902,7.170731707317073,-2.0,1.9024390243902438,0.5365853658536586
2024-25,GSW,82,48,1.3780487804878048,7.7682926829268295,0.012195121951219513,3.3048780487804876,0.5853658536585366
2024-25,HOU,82,52,1.6341463414634145,8.21951219512195,1.024390243902439,4.512195121951219,0.6341463414634146
2024-25,IND,82,50,1.329268292682927,7.085365853658536,0.3902439024390244,2.231707317073171,0.6097560975609756
2024-25,LAC,82,50,1.3414634146341464,6.378048780487805,-0.8902439024390244,4.658536585365853,0.6097560975609756
2024-25,LAL,82,50,1.5365853658536586,7.609756097560975,1.7195121951219512,1.2195121951219512,0.6097560975609756
2024-25,MEM,82,48,1.3902439024390243,8.475609756097562,-0.5609756097560976,4.853658536585366,0.5853658536585366
2024-25,MIA,82,37,1.2682926829268293,5.134146341463414,0.6463414634146342,0.5609756097560976,0.45121951219512196
2024-25,MIL,82,48,1.5731707317073171,7.780487804878049,1.3902439024390243,2.475609756097561,0.5853658536585366
2024-25,MIN,82,49,1.4024390243902438,7.439024390243903,0.6341463414634146,5.0,0.5975609756097561
2024-25,NOP,82,21,1.353658536585366,6.2926829268292686,-0.9512195121951219,-9.426829268292684,0.25609756097560976
2024-25,NYK,82,51,1.5853658536585367,6.670731707317073,1.0,4.097560975609756,0.6219512195121951
2024-25,OKC,82,68,1.1219512195121952,6.024390243902439,-2.4390243902439024,12.865853658536585,0.8292682926829268
2024-25,ORL,82,41,1.4146341463414633,8.451219512195122,-0.5975609756097561,-0.12195121951219512,0.5
2024-25,PHI,82,24,1.5609756097560976,7.646341463414634,0.8780487804878049,-6.2317073170731705,0.2926829268292683
2024-25,PHX,82,36,1.4268292682926829,7.2073170731707314,-0.07317073170731707,-3.0,0.43902439024390244
2024-25,POR,82,36,1.3658536585365855,7.304878048780488,-0.17073170731707318,-2.975609756097561,0.43902439024390244
2024-25,SAC,82,40,1.4878048780487805,6.804878048780488,-0.573170731707317,0.47560975609756095,0.4878048780487805
2024-25,SAS,82,34,1.3170731707317074,6.548780487804878,1.3902439024390243,-2.7560975609756095,0.4146341463414634
2024-25,TOR,82,30,1.048780487804878,6.048780487804878,-4.073170731707317,-4.2926829268292686,0.36585365853658536
2024-25,UTA,82,17,1.524390243902439,7.975609756097561,0.6951219512195121,-9.341463414634147,0.2073170731707317
2024-25,WAS,82,18,1.329268292682927,6.926829268292683,-1.5731707317073171,-12.439024390243903,0.21951219512195122
2025-26,ATL,82,46,1.3414634146341464,7.073170731707317,-0.7439024390243902,2.4146341463414633,0.5609756097560976
2025-26,BKN,82,20,1.5609756097560976,7.695121951219512,-1.853658536585366,-9.987804878048781,0.24390243902439024
2025-26,BOS,82,56,1.3658536585365855,6.7560975609756095,-0.5,7.695121951219512,0.6829268292682927
2025-26,CHA,82,44,1.5,7.890243902439025,1.0121951219512195,4.829268292682927,0.5365853658536586
2025-26,CHI,82,31,1.475609756097561,7.7682926829268295,0.34146341463414637,-5.2073170731707314,0.3780487804878049
2025-26,CLE,82,52,1.670731707317073,9.207317073170731,0.5365853658536586,4.109756097560975,0.6341463414634146
2025-26,DAL,82,26,2.0,10.207317073170731,3.4878048780487805,-5.512195121951219,0.3170731707317073
2025-26,DEN,82,54,1.9268292682926829,11.109756097560975,3.097560975609756,5.146341463414634,0.6585365853658537
2025-26,DET,82,60,1.5365853658536586,9.74390243902439,-1.7804878048780488,8.158536585365853,0.7317073170731707
2025-26,GSW,82,37,1.4268292682926829,7.573170731707317,-0.2682926829268293,-0.5609756097560976,0.45121951219512196
2025-26,HOU,82,52,1.8902439024390243,9.109756097560975,1.9390243902439024,5.219512195121951,0.6341463414634146
2025-26,IND,82,19,1.4878048780487805,7.878048780487805,-1.1951219512195121,-7.987804878048781,0.23170731707317074
2025-26,LAC,82,42,1.7439024390243902,9.463414634146341,2.524390243902439,1.1341463414634145,0.5121951219512195
2025-26,LAL,82,53,1.7439024390243902,9.670731707317072,2.5853658536585367,1.7560975609756098,0.6463414634146342
2025-26,MEM,82,25,1.3414634146341464,7.524390243902439,-1.8902439024390243,-6.012195121951219,0.3048780487804878
2025-26,MIA,82,43,1.7073170731707317,9.182926829268293,1.5975609756097562,2.3292682926829267,0.524390243902439
2025-26,MIL,82,32,1.329268292682927,6.780487804878049,-1.0365853658536586,-6.2073170731707314,0.3902439024390244
2025-26,MIN,82,49,1.6341463414634145,9.939024390243903,-0.524390243902439,3.3536585365853657,0.5975609756097561
2025-26,NOP,82,26,1.6951219512195121,9.073170731707316,0.6585365853658537,-4.5,0.3170731707317073
2025-26,NYK,82,53,1.3048780487804879,7.024390243902439,-1.170731707317073,6.329268292682927,0.6463414634146342
2025-26,OKC,82,64,1.6097560975609757,8.439024390243903,1.2317073170731707,11.146341463414634,0.7804878048780488
2025-26,ORL,82,45,1.7073170731707317,10.658536585365853,1.4268292682926829,0.6341463414634146,0.5487804878048781
2025-26,PHI,82,45,1.5365853658536586,8.597560975609756,-0.9024390243902439,-0.18292682926829268,0.5487804878048781
2025-26,PHX,82,45,1.1585365853658536,6.878048780487805,-2.268292682926829,1.4634146341463414,0.5487804878048781
2025-26,POR,82,42,1.6585365853658536,9.926829268292684,0.4878048780487805,-0.2926829268292683,0.5121951219512195
2025-26,SAC,82,22,1.2804878048780488,7.2926829268292686,-1.1585365853658536,-10.0,0.2682926829268293
2025-26,SAS,82,62,1.6341463414634145,9.402439024390244,1.7560975609756098,8.304878048780488,0.7560975609756098
2025-26,TOR,82,46,1.4146341463414633,7.365853658536586,-1.8658536585365855,2.8292682926829267,0.5609756097560976
2025-26,UTA,82,22,1.3658536585365855,8.853658536585366,-1.4390243902439024,-8.426829268292684,0.2682926829268293
2025-26,WAS,82,17,1.2073170731707317,6.341463414634147,-4.085365853658536,-11.975609756097562,0.2073170731707317
