season,first_bonus_result,team_game_rows,wins,average_point_difference,average_bonus_fta_difference,win_percentage
1996-97,Fewer,898,379,-1.6959910913140313,-5.3374164810690425,0.4220489977728285
1996-97,More,898,519,1.6959910913140313,5.3374164810690425,0.5779510022271714
1996-97,Tied,582,291,0.0,0.0,0.5
1997-98,Fewer,903,404,-1.0398671096345515,-5.67109634551495,0.44739756367663347
1997-98,More,903,499,1.0398671096345515,5.67109634551495,0.5526024363233666
1997-98,Tied,572,286,0.0,0.0,0.5
1998-99,Fewer,556,233,-1.5629496402877698,-5.818345323741007,0.41906474820143885
1998-99,More,556,323,1.5629496402877698,5.818345323741007,0.5809352517985612
1998-99,Tied,338,169,0.0,0.0,0.5
1999-00,Fewer,888,396,-0.9448198198198198,-5.774774774774775,0.44594594594594594
1999-00,More,888,492,0.9448198198198198,5.774774774774775,0.5540540540540541
1999-00,Tied,602,301,0.0,0.0,0.5
2000-01,Fewer,904,405,-1.0696902654867257,-5.258849557522124,0.4480088495575221
2000-01,More,904,499,1.0696902654867257,5.258849557522124,0.5519911504424779
2000-01,Tied,570,285,0.0,0.0,0.5
2001-02,Fewer,940,413,-1.4382978723404256,-5.352127659574468,0.43936170212765957
2001-02,More,940,527,1.4382978723404256,5.352127659574468,0.5606382978723404
2001-02,Tied,498,249,0.0,0.0,0.5
2002-03,Fewer,906,428,-0.9304635761589404,-5.078366445916115,0.47240618101545256
2002-03,More,906,478,0.9304635761589404,5.078366445916115,0.5275938189845475
2002-03,Tied,566,283,0.0,0.0,0.5
2003-04,Fewer,920,418,-0.8445652173913043,-5.440217391304348,0.4543478260869565
2003-04,More,920,502,0.8445652173913043,5.440217391304348,0.5456521739130434
2003-04,Tied,538,269,0.0,0.0,0.5
2004-05,Fewer,927,408,-1.8522114347357066,-5.229773462783172,0.4401294498381877
2004-05,More,927,519,1.8522114347357066,5.229773462783172,0.5598705501618123
2004-05,Tied,606,303,0.0,0.0,0.5
2005-06,Fewer,943,414,-1.088016967126193,-5.726405090137858,0.43902439024390244
2005-06,More,943,529,1.088016967126193,5.726405090137858,0.5609756097560976
2005-06,Tied,574,287,0.0,0.0,0.5
2006-07,Fewer,944,445,-0.375,-5.123940677966102,0.4713983050847458
2006-07,More,944,499,0.375,5.123940677966102,0.5286016949152542
2006-07,Tied,572,286,0.0,0.0,0.5
2007-08,Fewer,961,452,-0.7845993756503642,-5.23621227887617,0.4703433922996878
2007-08,More,961,509,0.7845993756503642,5.23621227887617,0.5296566077003122
2007-08,Tied,538,269,0.0,0.0,0.5
2008-09,Fewer,950,434,-0.6736842105263158,-5.2094736842105265,0.4568421052631579
2008-09,More,950,516,0.6736842105263158,5.2094736842105265,0.5431578947368421
2008-09,Tied,560,280,0.0,0.0,0.5
2009-10,Fewer,958,415,-1.4039665970772444,-5.246346555323591,0.4331941544885177
2009-10,More,958,543,1.4039665970772444,5.246346555323591,0.5668058455114823
2009-10,Tied,544,272,0.0,0.0,0.5
2010-11,Fewer,965,405,-1.694300518134715,-4.831088082901554,0.41968911917098445
2010-11,More,965,560,1.694300518134715,4.831088082901554,0.5803108808290155
2010-11,Tied,530,265,0.0,0.0,0.5
2011-12,Fewer,769,350,-0.7347204161248374,-4.925877763328999,0.45513654096228867
2011-12,More,769,419,0.7347204161248374,4.925877763328999,0.5448634590377113
2011-12,Tied,442,221,0.0,0.0,0.5
2012-13,Fewer,936,431,-0.6655982905982906,-5.151709401709402,0.46047008547008544
2012-13,More,936,505,0.6655982905982906,5.151709401709402,0.5395299145299145
2012-13,Tied,586,293,0.0,0.0,0.5
2013-14,Fewer,966,433,-0.5910973084886129,-5.169772256728779,0.44824016563146996
2013-14,More,966,533,0.5910973084886129,5.169772256728779,0.55175983436853
2013-14,Tied,528,264,0.0,0.0,0.5
2014-15,Fewer,966,427,-0.9917184265010351,-5.445134575569358,0.4420289855072464
2014-15,More,966,539,0.9917184265010351,5.445134575569358,0.5579710144927537
2014-15,Tied,528,264,0.0,0.0,0.5
2015-16,Fewer,968,437,-1.0537190082644627,-5.072314049586777,0.45144628099173556
2015-16,More,968,531,1.0537190082644627,5.072314049586777,0.5485537190082644
2015-16,Tied,524,262,0.0,0.0,0.5
2016-17,Fewer,960,419,-1.5833333333333333,-4.897916666666666,0.43645833333333334
2016-17,More,960,541,1.5833333333333333,4.897916666666666,0.5635416666666667
2016-17,Tied,540,270,0.0,0.0,0.5
2017-18,Fewer,945,437,-0.7470899470899471,-4.91005291005291,0.4624338624338624
2017-18,More,945,508,0.7470899470899471,4.91005291005291,0.5375661375661376
2017-18,Tied,570,285,0.0,0.0,0.5
2018-19,Fewer,933,427,-0.7952840300107181,-4.876741693461951,0.45766345123258306
2018-19,More,933,506,0.7952840300107181,4.876741693461951,0.5423365487674169
2018-19,Tied,594,297,0.0,0.0,0.5
2019-20,Fewer,811,350,-1.4315659679408137,-5.155363748458693,0.4315659679408138
2019-20,More,811,461,1.4315659679408137,5.155363748458693,0.5684340320591862
2019-20,Tied,496,248,0.0,0.0,0.5
2020-21,Fewer,823,370,-0.2065613608748481,-4.832320777642771,0.44957472660996356
2020-21,More,823,453,0.2065613608748481,4.832320777642771,0.5504252733900364
2020-21,Tied,514,257,0.0,0.0,0.5
2021-22,Fewer,948,441,0.3470464135021097,-4.840717299578059,0.4651898734177215
2021-22,More,948,507,-0.3470464135021097,4.840717299578059,0.5348101265822784
2021-22,Tied,564,282,0.0,0.0,0.5
2022-23,Fewer,945,460,0.09523809523809523,-4.673015873015873,0.48677248677248675
2022-23,More,945,485,-0.09523809523809523,4.673015873015873,0.5132275132275133
2022-23,Tied,570,285,0.0,0.0,0.5
2023-24,Fewer,944,428,-0.23940677966101695,-4.692796610169491,0.4533898305084746
2023-24,More,944,516,0.23940677966101695,4.692796610169491,0.5466101694915254
2023-24,Tied,572,286,0.0,0.0,0.5
2024-25,Fewer,919,445,-0.21436343852013057,-4.645266594124048,0.4842219804134929
2024-25,More,919,474,0.21436343852013057,4.645266594124048,0.515778019586507
2024-25,Tied,622,311,0.0,0.0,0.5
2025-26,Fewer,952,442,-1.1081932773109244,-4.939075630252101,0.4642857142857143
2025-26,More,952,510,1.1081932773109244,4.939075630252101,0.5357142857142857
2025-26,Tied,556,278,0.0,0.0,0.5
