season,more_bonus_fta_before_final_2_win_percentage,fewer_bonus_fta_before_final_2_win_percentage,tied_bonus_fta_before_final_2_win_percentage,win_percentage_gap,start_year
1996-97,53.033088235294116,46.966911764705884,50.0,6.066176470588232,1996
1997-98,55.716878402903816,44.283121597096184,50.0,11.433756805807633,1997
1998-99,52.51479289940828,47.485207100591715,50.0,5.029585798816562,1998
1999-00,48.148148148148145,51.85185185185185,50.0,-3.7037037037037024,1999
2000-01,50.873965041398336,49.12603495860166,50.0,1.7479300827966782,2000
2001-02,51.74311926605505,48.25688073394495,50.0,3.486238532110093,2001
2002-03,50.86285195277021,49.137148047229786,50.0,1.7257039055404206,2002
2003-04,52.00729927007299,47.99270072992701,50.0,4.0145985401459825,2003
2004-05,52.66841644794401,47.331583552055996,50.0,5.336832895888016,2004
2005-06,54.41176470588235,45.588235294117645,50.0,8.823529411764703,2005
2006-07,50.13123359580053,49.86876640419948,50.0,0.26246719160105414,2006
2007-08,52.162400706090025,47.837599293909975,50.0,4.324801412180051,2007
2008-09,53.69718309859155,46.30281690140845,50.0,7.394366197183103,2008
2009-10,55.41125541125541,44.58874458874459,50.0,10.822510822510822,2009
2010-11,53.81165919282511,46.18834080717489,50.0,7.623318385650222,2010
2011-12,51.34228187919463,48.65771812080537,50.0,2.6845637583892596,2011
2012-13,53.93665158371041,46.06334841628959,50.0,7.873303167420815,2012
2013-14,54.43262411347518,45.56737588652482,50.0,8.865248226950357,2013
2014-15,52.44879786286732,47.551202137132684,50.0,4.897595725734639,2014
2015-16,51.31459655485041,48.685403445149596,50.0,2.6291931097008145,2015
2016-17,54.11140583554377,45.88859416445623,50.0,8.222811671087541,2016
2017-18,52.584670231729056,47.41532976827095,50.0,5.169340463458106,2017
2018-19,52.01432408236347,47.98567591763653,50.0,4.028648164726945,2018
2019-20,53.25077399380805,46.749226006191954,50.0,6.5015479876160995,2019
2020-21,50.81799591002045,49.18200408997955,50.0,1.6359918200408998,2020
2021-22,50.623885918003566,49.376114081996434,50.0,1.2477718360071322,2021
2022-23,51.36563876651983,48.63436123348018,50.0,2.731277533039652,2022
2023-24,50.78053259871441,49.219467401285584,50.0,1.5610651974288245,2023
2024-25,48.85635864592864,51.14364135407137,50.0,-2.287282708142733,2024
2025-26,51.40845070422535,48.59154929577465,50.0,2.816901408450704,2025
