season,team_game_rows,average_bonus_fta,total_bonus_fta,total_bonus_ftm,bonus_ft_percentage,average_periods_first_to_bonus
1996-97,2378,11.413372582001681,27141,20201,74.42982940938064,1.678721614802355
1997-98,2378,11.987384356602186,28506,21177,74.28962323721322,1.7001682085786376
1998-99,1450,11.50344827586207,16680,12276,73.59712230215827,1.6696551724137931
1999-00,2378,12.10681244743482,28790,21670,75.26919069121223,1.7060555088309504
2000-01,2378,10.817073170731707,25723,19317,75.09621739299459,1.6555929352396972
2001-02,2378,9.683347350714886,23027,17490,75.95431450036914,1.5765349032800673
2002-03,2378,10.28721614802355,24463,18631,76.15991497363365,1.6303616484440706
2003-04,2378,10.049201009251473,23897,18136,75.89237142737582,1.5899915895710681
2004-05,2460,11.55,28413,21766,76.60577904480344,1.6865853658536585
2005-06,2460,11.463821138211381,28201,21212,75.21719087975603,1.694308943089431
2006-07,2460,10.729674796747968,26395,20046,75.94620193218412,1.6532520325203253
2007-08,2460,9.77520325203252,24047,18260,75.93462802012725,1.5865853658536586
2008-09,2460,9.705691056910569,23876,18604,77.91924945552019,1.6060975609756099
2009-10,2460,9.314634146341463,22914,17385,75.87064676616916,1.590650406504065
2010-11,2460,8.603658536585366,21165,16219,76.63123080557524,1.5227642276422764
2011-12,1980,7.4646464646464645,14780,11215,75.87956698240866,1.4303030303030304
2012-13,2458,7.728234336859235,18996,14358,75.58433354390398,1.4426362896663953
2013-14,2460,8.613414634146341,21189,16093,75.94978526593988,1.4959349593495934
2014-15,2460,8.06260162601626,19834,14944,75.3453665423011,1.447560975609756
2015-16,2460,8.382113821138212,20620,15496,75.15033947623667,1.4605691056910568
2016-17,2460,7.785365853658536,19152,14778,77.16165413533834,1.4378048780487804
2017-18,2460,7.876829268292683,19377,14827,76.51855292356919,1.4715447154471544
2018-19,2460,9.377235772357723,23068,17710,76.77301890064157,1.5902439024390245
2019-20,2118,9.110009442870632,19295,15042,77.95802021249028,1.5779036827195467
2020-21,2160,7.724074074074074,16684,13040,78.15871493646608,1.4606481481481481
2021-22,2460,8.01260162601626,19711,15326,77.75353863325047,1.526829268292683
2022-23,2460,8.217479674796747,20215,15804,78.17956962651496,1.5479674796747966
2023-24,2460,7.1674796747967475,17632,13891,78.7828947368421,1.416260162601626
2024-25,2460,7.154878048780488,17601,13761,78.18305778080791,1.4113821138211382
2025-26,2460,8.480894308943089,20863,16313,78.19105593634664,1.5418699186991869
