team,early_games,early_bonus_fta,early_bonus_ft_percentage,early_win_percentage,recent_games,recent_bonus_fta,recent_bonus_ft_percentage,recent_win_percentage,bonus_fta_change,bonus_ft_percentage_change,win_percentage_change
ATL,378.0,12.05648780487805,75.46823199764883,51.18048780487805,410.0,7.804878048780488,81.45161942535391,50.24390243902439,-4.251609756097562,5.9833874277050825,-0.9365853658536594
BKN,,,,,410.0,7.585365853658537,79.26992177421133,40.73170731707317,,,
BOS,378.0,10.878926829268291,74.49079617146302,37.35609756097561,410.0,6.81219512195122,81.05016524414489,70.48780487804878,-4.0667317073170715,6.559369072681875,33.131707317073165
CHA,,,,,410.0,6.8951219512195125,78.26508412977667,37.5609756097561,,,
CHH,378.0,12.759414634146342,75.0364420755485,59.18048780487804,,,,,,,
CHI,378.0,10.62380487804878,73.37966008697467,44.95609756097561,410.0,6.885365853658537,80.24078730196183,47.5609756097561,-3.7384390243902432,6.861127214987164,2.604878048780492
CLE,378.0,12.186829268292684,74.96180655664331,45.62926829268292,410.0,8.02439024390244,76.78472897587665,63.170731707317074,-4.162439024390244,1.8229224192333362,17.54146341463415
DAL,378.0,9.00429268292683,75.71930534076999,41.014634146341464,410.0,8.709756097560975,76.00284186851746,50.0,-0.29453658536585436,0.2835365277474722,8.985365853658536
DEN,378.0,11.169951219512196,75.55537771401177,31.697560975609758,410.0,8.470731707317075,77.99713918989542,63.90243902439024,-2.6992195121951212,2.441761475883652,32.204878048780486
DET,378.0,12.883512195121952,75.2417830620426,51.8439024390244,410.0,8.080487804878048,77.46433639688738,38.53658536585366,-4.803024390243904,2.2225533348447755,-13.307317073170736
GSW,378.0,10.83151219512195,73.21374804554941,29.13170731707317,410.0,6.853658536585366,78.76419309997632,55.609756097560975,-3.977853658536585,5.550445054426916,26.478048780487804
HOU,378.0,10.987317073170733,75.52285474477443,55.57073170731708,410.0,8.934146341463414,73.87210639483483,45.609756097560975,-2.0531707317073185,-1.6507483499396045,-9.960975609756105
IND,378.0,12.098048780487805,77.70537851570434,60.51707317073171,410.0,7.495121951219512,77.55397108904842,42.92682926829268,-4.602926829268292,-0.151407426655922,-17.590243902439035
LAC,378.0,10.529756097560975,72.23929970429852,27.746341463414637,410.0,7.746341463414635,80.41044625647928,55.853658536585364,-2.7834146341463404,8.171146552180758,28.107317073170726
LAL,378.0,15.123804878048782,69.7601829742213,70.93658536585366,410.0,8.831707317073171,77.01936850091272,55.1219512195122,-6.292097560975611,7.259185526691425,-15.814634146341461
MEM,,,,,410.0,8.02439024390244,75.51706134589222,50.48780487804878,,,
MIA,378.0,10.886634146341462,73.79794320865663,66.37073170731708,410.0,7.465853658536585,80.22092543572828,54.39024390243903,-3.420780487804877,6.422982227071643,-11.980487804878045
MIL,378.0,10.779024390243903,77.09872315471529,50.956097560975614,410.0,8.021951219512195,76.60621263440173,58.048780487804876,-2.757073170731708,-0.4925105203135587,7.092682926829262
MIN,378.0,10.373756097560976,76.98747774133685,54.390243902439025,410.0,8.651219512195123,77.68025154336831,59.02439024390244,-1.7225365853658534,0.6927738020314678,4.634146341463413
NJN,378.0,11.697658536585365,76.54848616296695,37.13170731707317,,,,,,,
NOP,,,,,410.0,8.097560975609756,76.149355533834,42.4390243902439,,,
NYK,378.0,9.981951219512194,77.29491542329919,59.09268292682926,410.0,7.673170731707318,77.10605517754017,58.048780487804876,-2.308780487804876,-0.18886024575901672,-1.0439024390243858
OKC,,,,,410.0,6.87560975609756,82.38761533185,61.70731707317073,,,
ORL,378.0,11.334634146341463,72.64863342783602,54.66341463414634,410.0,8.629268292682926,78.26279039561555,46.09756097560976,-2.7053658536585363,5.614156967779536,-8.565853658536582
PHI,378.0,13.270341463414633,72.61269533199338,49.73658536585366,410.0,8.05609756097561,81.09122060403016,53.90243902439024,-5.214243902439023,8.478525272036777,4.165853658536584
PHX,378.0,10.41219512195122,76.70700381443696,59.580487804878054,410.0,7.780487804878048,80.08397560351781,58.29268292682927,-2.6317073170731717,3.376971789080855,-1.2878048780487816
POR,378.0,12.025170731707316,74.647673937177,63.756097560975604,410.0,8.10731707317073,78.28207606288683,38.78048780487805,-3.917853658536586,3.6344021257098262,-24.975609756097555
SAC,378.0,11.311024390243903,72.51643952144454,49.82439024390244,410.0,7.568292682926829,77.74997419333648,45.36585365853659,-3.7427317073170734,5.233534671891945,-4.458536585365856
SAS,378.0,11.764487804878048,71.72680269025669,60.40975609756098,410.0,7.109756097560975,76.50995556132753,42.4390243902439,-4.654731707317072,4.78315287107084,-17.97073170731708
SEA,378.0,11.735317073170732,71.63589156715925,60.48780487804878,,,,,,,
TOR,378.0,11.219317073170732,75.27228713571803,42.858536585365854,410.0,7.180487804878048,76.69556446794988,46.34146341463415,-4.038829268292684,1.423277332231848,3.482926829268294
UTA,378.0,14.852780487804878,77.45753496844716,71.87317073170732,410.0,8.78048780487805,79.16832758415734,38.048780487804876,-6.072292682926829,1.7107926157101758,-33.82439024390244
VAN,378.0,10.828390243902438,74.36781272529741,22.22439024390244,,,,,,,
WAS,378.0,11.796585365853659,73.7004769442153,39.8829268292683,410.0,7.048780487804878,78.1276511401906,29.26829268292683,-4.747804878048781,4.427174195975297,-10.61463414634147
